game_id,opponent,player_id,season,team,week,proj_adp_dd_ppr,proj_bonus_rec_te,proj_def_fum_td,proj_fum,proj_fum_lost,proj_gp,proj_pos_adp_dd_ppr,proj_pts_half_ppr,proj_pts_ppr,proj_pts_std,proj_rec,proj_rec_0_4,proj_rec_10_19,proj_rec_20_29,proj_rec_2pt,proj_rec_30_39,proj_rec_40p,proj_rec_5_9,proj_rec_fd,proj_rec_td,proj_rec_tgt,proj_rec_yd,proj_rush_40p,proj_rush_att,proj_rush_fd,proj_rush_td,proj_rush_yd,proj_bonus_rec_wr,proj_def_kr_yd,proj_rush_2pt,proj_bonus_rec_rb,proj_fga,proj_fgm,proj_fgm_20_29,proj_fgm_30_39,proj_fgm_40_49,proj_fgm_50p,proj_fgm_yds,proj_fgmiss_40_49,proj_fgmiss_50p,proj_xpa,proj_xpm,proj_xpmiss,proj_cmp_pct,proj_pass_2pt,proj_pass_att,proj_pass_cmp,proj_pass_cmp_40p,proj_pass_fd,proj_pass_inc,proj_pass_int,proj_pass_int_td,proj_pass_sack,proj_pass_td,proj_pass_yd,proj_pr,proj_pr_td,proj_pr_yd,proj_blk_kick,proj_def_pr_yd,proj_def_td,proj_ff,proj_fum_rec,proj_int,proj_pts_allow,proj_pts_allow_14_20,proj_sack,proj_tkl_loss,proj_yds_allow,proj_yds_allow_300_349,proj_fgmiss_30_39,proj_pts_allow_21_27,proj_yds_allow_350_399,proj_safe,proj_fgm_0_19,proj_def_kr_td
202510224,NYJ,10236,2025,BUF,2,120.0,3.41,0.0,0.06,0.03,1.0,23.0,5.71,7.41,4.0,3.41,0.68,1.02,0.68,0.01,0.34,0.34,0.68,3.19,0.14,4.98,31.85,,,,,,,,,,,,,,,,,,,,,,,,,,,,,,,,,,,,,,,,,,,,,,,,,,,,,,
202510216,PHI,1466,2025,KC,2,49.0,4.47,0.0,0.06,0.03,1.0,4.0,8.8,11.03,6.56,4.47,0.89,1.34,0.89,0.01,0.45,0.45,0.89,4.75,0.29,6.44,47.47,0.0,0.05,0.01,0.02,0.09,,,,,,,,,,,,,,,,,,,,,,,,,,,,,,,,,,,,,,,,,,,,,,,,,
202510201,ARI,11626,2025,CAR,2,152.0,,0.0,0.06,0.03,1.0,56.0,7.37,9.06,5.68,3.38,0.68,1.01,0.68,0.01,0.34,0.34,0.68,3.86,0.29,5.8,38.65,0.0,0.22,0.11,0.0,1.12,3.38,2.04,0.0,,,,,,,,,,,,,,,,,,,,,,,,,,,,,,,,,,,,,,,,,,,,,,
202510209,DAL,12481,2025,NYG,2,243.0,,0.0,0.07,0.03,1.0,53.0,4.04,4.43,3.64,0.79,0.16,0.24,0.16,0.0,0.08,0.08,0.16,0.69,0.04,1.08,6.93,0.03,4.1,1.92,0.14,19.23,,,0.0,0.79,,,,,,,,,,,,,,,,,,,,,,,,,,,,,,,,,,,,,,,,,,,,,
202510214,IND,5045,2025,DEN,2,50.0,,0.0,0.07,0.03,1.0,20.0,11.87,14.33,9.41,4.92,0.98,1.47,0.98,0.01,0.49,0.49,0.98,7.03,0.4,8.39,70.31,,,,,,4.92,,,,,,,,,,,,,,,,,,,,,,,,,,,,,,,,,,,,,,,,,,,,,,,,
202510234,TEN,2133,2025,LAR,2,48.0,,0.0,0.07,0.03,1.0,19.0,11.9,14.36,9.43,4.93,0.99,1.48,0.99,0.02,0.49,0.49,0.99,6.61,0.47,8.33,66.14,,,,,,4.93,,,,,,,,,,,,,,,,,,,,,,,,,,,,,,,,,,,,,,,,,,,,,,,,
202510211,CHI,7547,2025,DET,2,23.0,,0.0,0.07,0.03,1.0,8.0,13.72,16.79,10.64,6.16,1.23,1.85,1.23,0.02,0.62,0.62,1.23,7.54,0.5,8.67,75.37,0.0,0.14,0.07,0.01,0.74,6.16,,0.0,,,,,,,,,,,,,,,,,,,,,,,,,,,,,,,,,,,,,,,,,,,,,,
202510213,HOU,6650,2025,TB,2,999.0,,,,,1.0,999.0,8.56,8.56,8.56,,,,,,,,,,,,,,,,,,,,,,1.96,1.67,0.36,0.48,0.48,0.36,70.07,0.12,0.18,2.62,2.5,0.12,,,,,,,,,,,,,,,,,,,,,,,,,,,,,,,,,
202510225,LV,6797,2025,LAC,2,128.0,,0.01,0.37,0.16,1.0,23.0,18.28,18.28,18.28,,,,,,,,,,,,,0.01,2.96,1.66,0.09,16.61,,,0.01,,,,,,,,,,,,,,66.75,0.06,31.37,20.94,0.29,23.54,10.43,0.52,0.02,2.16,1.45,235.41,,,,,,,,,,,,,,,,,,,,,
202510224,NYJ,8138,2025,BUF,2,33.0,,0.0,0.21,0.09,1.0,15.0,14.85,15.93,13.77,2.15,0.43,0.65,0.43,0.0,0.22,0.22,0.43,1.64,0.08,2.71,16.38,0.07,14.67,6.93,0.81,69.3,,,0.02,2.15,,,,,,,,,,,,,,,,,,,,,,,,,,,,,,,,,,,,,,,,,,,,,
202510234,TEN,8150,2025,LAR,2,22.0,,0.0,0.21,0.09,1.0,12.0,16.1,17.26,14.94,2.32,0.46,0.7,0.46,0.0,0.23,0.23,0.46,1.4,0.12,2.97,14.01,0.07,18.73,7.94,0.83,79.37,,,0.03,2.32,,,,,,,,,,,,,,,,,,,,,,,,,,,,,,,,,,,,,,,,,,,,,
202510222,SF,8676,2025,NO,2,67.0,,0.0,0.14,0.06,1.0,30.0,10.82,12.92,8.71,4.21,0.84,1.26,0.84,0.01,0.42,0.42,0.84,6.51,0.33,7.44,65.12,0.0,0.4,0.21,0.02,2.11,4.21,21.42,0.0,,,,,,,,,,,,,,,,,,,,,,,,,,1.31,0.06,14.88,,,,,,,,,,,,,,,,,,
202510203,CLE,9997,2025,BAL,2,94.0,,0.0,0.07,0.03,1.0,38.0,9.74,11.87,7.61,4.26,0.85,1.28,0.85,0.01,0.43,0.43,0.85,5.72,0.25,7.11,57.18,0.0,0.6,0.33,0.02,3.26,4.26,,0.0,,,,,,,,,,,,,,,,,,,,,,,,,,,,,,,,,,,,,,,,,,,,,,
202510222,NO,SF,2025,SF,2,999.0,,0.06,,,1.0,999.0,7.34,7.34,7.34,,,,,,,,,,,,,,,,,,,51.17,,,,,,,,,,,,,,,,,,,,,,,0.06,,,,,,17.57,0.06,68.74,0.13,0.9,0.58,0.84,19.0,1.0,2.7,5.41,310.52,1.0,,,,,,
202510219,MIA,11564,2025,NE,2,117.0,,0.01,0.61,0.26,1.0,22.0,18.93,18.93,18.93,,,,,,,,,,,,,0.02,5.34,3.3,0.11,33.03,,,0.01,,,,,,,,,,,,,,64.98,0.06,32.03,20.81,0.28,21.45,11.22,0.78,0.03,2.3,1.31,214.49,,,,,,,,,,,,,,,,,,,,,
202510214,IND,12489,2025,DEN,2,190.0,,0.0,0.08,0.03,1.0,42.0,5.98,6.53,5.43,1.1,0.22,0.33,0.22,0.0,0.11,0.11,0.22,0.95,0.06,1.5,9.51,0.03,5.56,3.05,0.19,30.46,,,0.01,1.1,,,,,,,,,,,,,,,,,,,,,,,,,,,,,,,,,,,,,,,,,,,,,
202510211,DET,12519,2025,CHI,2,287.0,,0.0,0.02,0.01,1.0,104.0,2.04,2.48,1.6,0.88,0.18,0.26,0.18,0.0,0.09,0.09,0.18,1.0,0.06,1.39,10.04,0.0,0.34,0.16,0.01,1.64,0.88,8.5,0.0,,,,,,,,,,,,,,,,,,,,,,,,,,,,,,,,,,,,,,,,,,,,,,
202510212,WAS,12501,2025,GB,2,177.0,,0.0,0.03,0.02,1.0,67.0,5.58,6.89,4.26,2.62,0.52,0.79,0.52,0.01,0.26,0.26,0.52,2.94,0.19,4.07,29.37,0.0,0.33,0.16,0.01,1.64,2.62,,0.0,,,,,,,,,,,,,,,,,,,,,,,,,,,,,,,,,,,,,,,,,,,,,,
202510207,CIN,12490,2025,JAX,2,182.0,,0.0,0.09,0.04,1.0,41.0,6.28,6.92,5.64,1.28,0.26,0.38,0.26,0.0,0.13,0.13,0.26,1.15,0.07,1.8,11.46,0.02,6.24,2.93,0.2,29.31,,,0.01,1.28,,,,,,,,,,,,,,,,,,,,,,,,,,,,,,,,,,,,,,,,,,,,,
202510211,CHI,5892,2025,DET,2,100.0,,0.0,0.13,0.06,1.0,28.0,11.35,12.21,10.49,1.71,0.34,0.51,0.34,0.0,0.17,0.17,0.34,1.29,0.04,2.03,12.86,0.07,11.27,4.75,0.71,47.45,,,0.02,1.71,,,,,,,,,,,,,,,,,,,,,,,,,,,,,,,,,,,,,,,,,,,,,
202510207,CIN,12530,2025,JAX,2,118.0,,0.0,0.06,0.02,1.0,43.0,8.7,10.84,6.56,4.28,0.86,1.28,0.86,0.01,0.43,0.43,0.86,4.62,0.28,6.55,46.16,0.0,0.42,0.21,0.01,2.06,4.28,,0.0,,,,,,,,,,,,,,,,,,,,,,,,,,,,,,,,,,,,,,,,,,,,,,
202510216,KC,4195,2025,PHI,2,999.0,,,,,1.0,999.0,8.69,8.69,8.69,,,,,,,,,,,,,,,,,,,,,,2.0,1.69,0.44,0.5,0.5,0.25,69.19,0.13,0.13,2.88,2.75,0.13,,,,,,,,,,,,,,,,,,,,,,,,,,,,0.06,,,,,
202510207,JAX,7564,2025,CIN,2,1.0,,0.0,0.07,0.03,1.0,1.0,17.48,20.79,14.17,6.62,1.32,1.99,1.32,0.02,0.66,0.66,1.32,10.13,0.66,10.51,101.31,0.0,0.17,0.09,0.0,0.87,6.62,,0.0,,,,,,,,,,,,,,,,,,,,,,,,,,,,,,,,,,,,,,,,,,,,,,
202510207,CIN,7523,2025,JAX,2,116.0,,0.01,0.61,0.26,1.0,21.0,18.98,18.98,18.98,,,,,,,,,,,,,0.01,2.89,1.4,0.17,13.98,,,0.01,,,,,,,,,,,,,,63.36,0.06,34.64,21.95,0.29,24.55,12.69,0.86,0.03,2.11,1.36,245.46,,,,,,,,,,,,,,,,,,,,,
202510201,CAR,8130,2025,ARI,2,9.0,6.79,0.0,0.07,0.03,1.0,2.0,12.26,15.65,8.87,6.79,1.36,2.04,1.36,0.01,0.68,0.68,1.36,6.94,0.31,9.0,69.39,0.0,0.05,0.01,0.02,0.15,,,,,,,,,,,,,,,,,,,,,,,,,,,,,,,,,,,,,,,,,,,,,,,,,
202510207,JAX,9224,2025,CIN,2,5.0,,0.0,0.24,0.11,1.0,4.0,17.87,19.63,16.11,3.52,0.7,1.06,0.7,0.0,0.35,0.35,0.7,2.67,0.18,4.37,26.74,0.08,18.78,8.07,0.74,80.74,,3.77,0.03,3.52,,,,,,,,,,,,,,,,,,,,,,,,,,,,,,,,,,,,,,,,,,,,,
202510228,PIT,9753,2025,SEA,2,125.0,,0.0,0.12,0.05,1.0,34.0,9.78,10.87,8.68,2.19,0.44,0.66,0.44,0.0,0.22,0.22,0.44,1.54,0.1,2.83,15.39,0.04,9.84,4.04,0.43,40.4,,,0.01,2.19,,,,,,,,,,,,,,,,,,,,,,,,,,,,,,,,,,,,,,,,,,,,,
202510207,CIN,JAX,2025,JAX,2,999.0,,,,,1.0,999.0,5.83,5.83,5.83,,,,,,,,,,,,,,,,,,,50.99,,,,,,,,,,,,,,,,,,,,,,,0.06,,,,,,15.2,0.06,66.19,0.06,0.62,0.5,0.68,26.5,,2.36,4.53,398.23,,,1.0,1.0,,,
202510211,DET,11620,2025,CHI,2,115.0,,0.0,0.06,0.03,1.0,42.0,9.11,10.94,7.29,3.66,0.73,1.1,0.73,0.01,0.37,0.37,0.73,5.41,0.31,7.07,54.11,0.0,0.08,0.04,0.0,0.39,3.66,,0.0,,,,,,,,,,,,,,,,,,,,,,,,,,,,,,,,,,,,,,,,,,,,,,
202510207,CIN,11631,2025,JAX,2,21.0,,0.0,0.06,0.03,1.0,7.0,14.21,16.98,11.45,5.53,1.11,1.66,1.11,0.01,0.55,0.55,1.11,8.21,0.52,8.97,82.12,0.0,0.16,0.09,0.0,0.9,5.53,,0.0,,,,,,,,,,,,,,,,,,,,,,,,,,,,,,,,,,,,,,,,,,,,,,
202510211,CHI,10859,2025,DET,2,38.0,4.43,0.0,0.07,0.03,1.0,3.0,9.15,11.37,6.93,4.43,0.89,1.33,0.89,0.01,0.44,0.44,0.89,4.81,0.36,6.34,48.06,,,,,,,,,,,,,,,,,,,,,,,,,,,,,,,,,,,,,,,,,,,,,,,,,,,,,,
202510207,CIN,11786,2025,JAX,2,999.0,,,,,1.0,999.0,8.77,8.77,8.77,,,,,,,,,,,,,,,,,,,,,,2.11,1.78,0.46,0.53,0.46,0.33,73.03,0.13,0.13,2.57,2.44,0.13,,,,,,,,,,,,,,,,,,,,,,,,,,,,0.07,,,,,
202510209,DAL,11655,2025,NYG,2,55.0,,0.0,0.15,0.07,1.0,22.0,13.03,14.3,11.76,2.53,0.51,0.76,0.51,0.0,0.25,0.25,0.51,1.99,0.14,3.46,19.92,0.08,15.2,6.82,0.36,68.25,,,0.01,2.53,,,,,,,,,,,,,,,,,,,,,,,,,,,,,,,,,,,,,,,,,,,,,
202510234,LAR,12522,2025,TEN,2,163.0,,0.01,0.6,0.26,1.0,31.0,16.32,16.32,16.32,,,,,,,,,,,,,0.01,3.36,1.3,0.12,13.05,,,0.01,,,,,,,,,,,,,,61.08,0.05,31.98,19.53,0.22,21.13,12.45,0.8,0.03,2.35,1.16,211.31,,,,,,,,,,,,,,,,,,,,,
202510224,NYJ,4984,2025,BUF,2,26.0,,0.01,0.53,0.23,1.0,2.0,24.11,24.11,24.11,,,,,,,,,,,,,0.03,6.43,3.38,0.62,33.83,,,0.03,,,,,,,,,,,,,,65.02,0.07,31.1,20.22,0.35,23.29,10.88,0.64,0.03,1.52,1.67,232.87,,,,,,,,,,,,,,,,,,,,,
202510211,DET,6790,2025,CHI,2,58.0,,0.0,0.15,0.07,1.0,23.0,12.68,14.06,11.3,2.77,0.55,0.83,0.55,0.0,0.28,0.28,0.55,1.97,0.07,3.55,19.66,0.07,15.94,6.63,0.39,66.3,,,0.02,2.77,,,,,,,,,,,,,,,,,,,,,,,,,,,,,,,,,,,,,,,,,,,,,
202510225,LV,12507,2025,LAC,2,47.0,,0.0,0.21,0.09,1.0,21.0,13.84,14.83,12.84,1.99,0.4,0.6,0.4,0.0,0.2,0.2,0.4,1.7,0.1,2.73,17.03,0.07,16.42,7.32,0.56,73.25,,,0.03,1.99,,,,,,,,,,,,,,,,,,,,,,,,,,,,,,,,,,,,,,,,,,,,,
202510220,MIN,7090,2025,ATL,2,156.0,,0.0,0.05,0.02,1.0,57.0,7.35,8.9,5.8,3.09,0.62,0.93,0.62,0.01,0.31,0.31,0.62,4.42,0.23,5.56,44.23,0.0,0.06,0.03,0.0,0.26,3.09,,,,,,,,,,,,,,,,,,,,,,,,,,,,,,,,,,,,,,,,,,,,,,,,
202510214,IND,9494,2025,DEN,2,161.0,,0.0,0.11,0.05,1.0,59.0,7.07,8.59,5.56,3.03,0.61,0.91,0.61,0.01,0.3,0.3,0.61,4.04,0.23,4.43,40.4,0.0,0.5,0.22,0.0,2.16,3.03,13.94,0.0,,,,,,,,,,,,,,,,,,,,,,,,,,1.42,0.06,16.42,,,,,,,,,,,,,,,,,,
202510224,BUF,8146,2025,NYJ,2,37.0,,0.0,0.06,0.03,1.0,15.0,11.94,14.77,9.1,5.67,1.13,1.7,1.13,0.01,0.57,0.57,1.13,6.92,0.34,9.5,69.2,0.0,0.54,0.23,-0.01,2.32,5.67,,0.0,,,,,,,,,,,,,,,,,,,,,,,,,,,,,,,,,,,,,,,,,,,,,,
202510234,LAR,8210,2025,TEN,2,81.0,3.89,0.0,0.06,0.03,1.0,12.0,7.13,9.08,5.19,3.89,0.78,1.17,0.78,0.01,0.39,0.39,0.78,4.0,0.2,5.37,39.95,0.0,0.05,0.03,0.0,0.26,,,,,,,,,,,,,,,,,,,,,,,,,,,,,,,,,,,,,,,,,,,,,,,,,
202510213,TB,12484,2025,HOU,2,236.0,,0.0,0.02,0.01,1.0,84.0,3.35,4.17,2.52,1.65,0.33,0.49,0.33,0.0,0.16,0.16,0.33,1.84,0.11,2.51,18.43,0.0,0.06,0.03,0.0,0.29,1.65,,0.0,,,,,,,,,,,,,,,,,,,,,,,,,,,,,,,,,,,,,,,,,,,,,,
202510203,CLE,BAL,2025,BAL,2,999.0,,0.06,,,1.0,999.0,8.06,8.06,8.06,,,,,,,,,,,,,,,,,,,43.91,,,,,,,,,,,,,,,,,,,,,,,0.12,,,,,,17.75,0.06,61.66,0.18,1.02,0.6,0.9,17.25,1.0,2.71,5.41,344.42,1.0,,,,0.06,,
202510209,NYG,11533,2025,DAL,2,999.0,,,,,1.0,999.0,10.64,10.64,10.64,,,,,,,,,,,,,,,,,,,,,,2.48,2.15,0.46,0.52,0.59,0.59,91.74,0.07,0.2,2.54,2.48,0.07,,,,,,,,,,,,,,,,,,,,,,,,,,,,0.07,,,,,
202510201,ARI,12526,2025,CAR,2,43.0,,0.0,0.06,0.03,1.0,17.0,11.73,14.55,8.9,5.64,1.13,1.69,1.13,0.01,0.56,0.56,1.13,6.45,0.38,8.96,64.51,0.0,0.26,0.13,0.01,1.3,5.64,,0.0,,,,,,,,,,,,,,,,,,,,,,,,,,,,,,,,,,,,,,,,,,,,,,
202510203,CLE,3198,2025,BAL,2,12.0,,0.0,0.22,0.1,1.0,7.0,18.37,18.89,17.84,1.04,0.21,0.31,0.21,0.0,0.1,0.1,0.21,0.84,0.06,1.34,8.38,0.3,19.52,10.78,1.0,107.83,,,0.04,1.04,,,,,,,,,,,,,,,,,,,,,,,,,,,,,,,,,,,,,,,,,,,,,
202510225,LV,1479,2025,LAC,2,136.0,,0.0,0.09,0.04,1.0,51.0,8.03,9.87,6.19,3.69,0.74,1.11,0.74,0.01,0.37,0.37,0.74,4.6,0.27,6.11,45.98,0.0,0.05,0.02,0.0,0.23,3.69,,,,,,,,,,,,,,,,,,,,,,,,,,,,,,,,,,,,,,,,,,,,,,,,
202510209,NYG,8137,2025,DAL,2,53.0,,0.0,0.07,0.03,1.0,22.0,11.8,14.05,9.55,4.5,0.9,1.35,0.9,0.01,0.45,0.45,0.9,7.36,0.35,7.74,73.61,0.0,0.14,0.08,0.0,0.78,4.5,,0.0,,,,,,,,,,,,,,,,,,,,,,,,,,,,,,,,,,,,,,,,,,,,,,
202510222,SF,8144,2025,NO,2,70.0,,0.0,0.06,0.03,1.0,32.0,10.42,12.87,7.98,4.89,0.98,1.47,0.98,0.01,0.49,0.49,0.98,6.57,0.24,8.27,65.7,0.0,0.05,0.02,0.0,0.24,4.89,,,,,,,,,,,,,,,,,,,,,,,,,,,,,,,,,,,,,,,,,,,,,,,,
202510222,NO,8183,2025,SF,2,65.0,,0.01,0.31,0.14,1.0,7.0,21.19,21.19,21.19,,,,,,,,,,,,,0.02,3.8,1.76,0.22,17.59,,,0.01,,,,,,,,,,,,,,64.72,0.07,31.65,20.48,0.34,26.28,11.16,0.85,0.03,2.26,1.51,262.84,,,,,,,,,,,,,,,,,,,,,
202510228,SEA,8228,2025,PIT,2,85.0,,0.0,0.16,0.07,1.0,25.0,11.64,12.75,10.53,2.22,0.44,0.67,0.44,0.0,0.22,0.22,0.44,1.49,0.05,2.69,14.85,0.06,15.01,7.14,0.29,71.36,,12.65,0.01,2.22,,,,,,,,,,,,,,,,,,,,,,,,,,,,,,,,,,,,,,,,,,,,,
202510220,ATL,8408,2025,MIN,2,89.0,,0.0,0.18,0.08,1.0,26.0,11.91,12.68,11.15,1.52,0.3,0.46,0.3,0.0,0.15,0.15,0.3,1.22,0.1,1.97,12.18,0.05,12.53,6.47,0.5,64.72,,12.55,0.02,1.52,,,,,,,,,,,,,,,,,,,,,,,,,,,,,,,,,,,,,,,,,,,,,
202510219,NE,9226,2025,MIA,2,2.0,,0.0,0.22,0.09,1.0,1.0,18.46,20.8,16.12,4.68,0.94,1.4,0.94,0.01,0.47,0.47,0.94,3.18,0.27,5.65,31.8,0.22,14.76,7.59,0.64,75.88,,1.8,0.02,4.68,,,,,,,,,,,,,,,,,,,,,,,,,,,,,,,,,,,,,,,,,,,,,
202510234,TEN,9493,2025,LAR,2,8.0,,0.0,0.08,0.03,1.0,2.0,15.42,19.04,11.8,7.24,1.45,2.17,1.45,0.02,0.72,0.72,1.45,9.31,0.33,10.58,93.1,0.0,0.6,0.28,0.04,2.85,7.24,,0.0,,,,,,,,,,,,,,,,,,,,,,,,,,,,,,,,,,,,,,,,,,,,,,
202510228,SEA,PIT,2025,PIT,2,999.0,,0.06,,,1.0,999.0,7.39,7.39,7.39,,,,,,,,,,,,,,,,,,,42.0,,,,,,,,,,,,,,,,,,,,,,,0.11,,,,,,15.96,0.06,57.96,0.17,0.9,0.56,0.79,18.5,1.0,2.54,5.02,355.41,,,,1.0,0.06,,
202510213,HOU,12514,2025,TB,2,66.0,,0.0,0.07,0.03,1.0,29.0,10.6,13.0,8.2,4.8,0.96,1.44,0.96,0.01,0.48,0.48,0.96,5.84,0.37,7.75,58.44,0.0,0.2,0.1,0.01,0.97,4.8,,0.0,,,,,,,,,,,,,,,,,,,,,,,,,,,,,,,,,,,,,,,,,,,,,,
202510224,BUF,11576,2025,NYJ,2,248.0,,0.0,0.07,0.03,1.0,54.0,4.07,4.35,3.79,0.56,0.11,0.17,0.11,0.0,0.06,0.06,0.11,0.45,0.02,0.78,4.53,0.02,5.76,2.29,0.16,22.92,,,0.01,0.56,,,,,,,,,,,,,,,,,,,,,,,,,,,,,,,,,,,,,,,,,,,,,
202510211,DET,12517,2025,CHI,2,148.0,2.52,0.0,0.04,0.02,1.0,31.0,4.75,6.01,3.49,2.52,0.5,0.76,0.5,0.0,0.25,0.25,0.5,2.62,0.15,3.69,26.2,0.0,0.01,0.0,0.0,0.02,,,0.0,,,,,,,,,,,,,,,,,,,,,,,,,,,,,,,,,,,,,,,,,,,,,,
202510225,LAC,11604,2025,LV,2,6.0,6.5,0.0,0.06,0.03,1.0,1.0,12.53,15.78,9.28,6.5,1.3,1.95,1.3,0.01,0.65,0.65,1.3,7.04,0.35,9.05,70.36,0.0,0.25,0.13,0.01,1.26,,,0.0,,,,,,,,,,,,,,,,,,,,,,,,,,,,,,,,,,,,,,,,,,,,,,
202510213,HOU,2216,2025,TB,2,28.0,,0.0,0.07,0.03,1.0,10.0,13.25,15.6,10.89,4.71,0.94,1.41,0.94,0.02,0.47,0.47,0.94,7.32,0.6,8.01,73.19,,,,,,4.71,,,,,,,,,,,,,,,,,,,,,,,,,,,,,,,,,,,,,,,,,,,,,,,,
202510201,CAR,4137,2025,ARI,2,44.0,,0.0,0.19,0.08,1.0,19.0,13.6,14.9,12.3,2.6,0.52,0.78,0.52,0.0,0.26,0.26,0.52,1.84,0.09,3.05,18.4,0.06,13.12,6.56,0.58,65.62,,,0.02,2.6,,,,,,,,,,,,,,,,,,,,,,,,,,,,,,,,,,,,,,,,,,,,,
202510203,CLE,12711,2025,BAL,2,999.0,,,,,1.0,999.0,9.32,9.32,9.32,,,,,,,,,,,,,,,,,,,,,,2.18,1.77,0.34,0.54,0.61,0.27,74.66,0.14,0.2,3.26,3.06,0.2,,,,,,,,,,,,,,,,,,,,,,,,,,,,0.07,,,,,
202510234,LAR,4981,2025,TEN,2,57.0,,0.0,0.06,0.03,1.0,24.0,11.41,13.63,9.18,4.45,0.89,1.34,0.89,0.01,0.45,0.45,0.89,6.86,0.35,8.33,68.63,0.0,0.35,0.15,0.01,1.48,4.45,,0.0,,,,,,,,,,,,,,,,,,,,,,,,,,,,,,,,,,,,,,,,,,,,,,
202510216,KC,6904,2025,PHI,2,30.0,,0.01,0.54,0.24,1.0,5.0,23.59,23.59,23.59,,,,,,,,,,,,,0.04,9.06,3.91,0.9,39.12,,,0.03,,,,,,,,,,,,,,64.21,0.05,27.56,17.7,0.24,20.68,9.86,0.63,0.02,2.23,1.27,206.79,,,,,,,,,,,,,,,,,,,,,
202510222,NO,7049,2025,SF,2,112.0,,0.0,0.08,0.03,1.0,41.0,9.01,11.03,6.98,4.05,0.81,1.21,0.81,0.01,0.4,0.4,0.81,5.26,0.29,6.84,52.59,0.0,0.05,0.03,0.0,0.27,4.05,,,,,,,,,,,,,,,,,,,,,,,,,,,,,,,,,,,,,,,,,,,,,,,,
202510211,CHI,9221,2025,DET,2,3.0,,0.0,0.2,0.09,1.0,2.0,18.17,19.88,16.46,3.42,0.68,1.03,0.68,0.0,0.34,0.34,0.68,2.35,0.15,4.36,23.47,0.2,14.87,8.35,0.83,83.46,,,0.03,3.42,,,,,,,,,,,,,,,,,,,,,,,,,,,,,,,,,,,,,,,,,,,,,
202510224,BUF,7591,2025,NYJ,2,74.0,,0.01,0.67,0.29,1.0,10.0,20.83,20.83,20.83,,,,,,,,,,,,,0.05,7.67,4.33,0.42,43.34,,,0.01,,,,,,,,,,,,,,61.38,0.04,29.87,18.33,0.2,20.35,11.54,0.87,0.03,2.84,1.15,203.54,,,,,,,,,,,,,,,,,,,,,
202510212,WAS,GB,2025,GB,2,999.0,,0.1,,,1.0,999.0,6.47,6.47,6.47,,,,,,,,,,,,,,,,,,,39.83,,,,,,,,,,,,,,,,,,,,,,,0.05,,,,,,13.79,0.05,53.62,0.15,0.8,0.5,0.65,22.25,,2.36,4.26,391.37,,,1.0,1.0,,,
202510211,CHI,11539,2025,DET,2,999.0,,,,,1.0,999.0,9.69,9.69,9.69,,,,,,,,,,,,,,,,,,,,,,2.12,1.79,0.33,0.53,0.53,0.4,76.23,0.13,0.13,3.25,3.12,0.13,,,,,,,,,,,,,,,,,,,,,,,,,,,,0.07,,,,,
202510212,GB,11566,2025,WAS,2,27.0,,0.01,0.5,0.22,1.0,3.0,23.92,23.92,23.92,,,,,,,,,,,,,0.06,9.27,5.02,0.47,50.23,,,0.02,,,,,,,,,,,,,,66.88,0.06,31.38,20.99,0.3,22.68,10.39,0.78,0.03,2.48,1.43,226.85,,,,,,,,,,,,,,,,,,,,,
202510224,NYJ,11637,2025,BUF,2,103.0,,0.0,0.08,0.04,1.0,39.0,9.57,11.44,7.7,3.73,0.75,1.12,0.75,0.01,0.37,0.37,0.75,5.68,0.34,6.87,56.81,0.0,0.06,0.03,0.0,0.29,3.73,,,,,,,,,,,,,,,,,,,,,,,,,,,,,,,,,,,,,,,,,,,,,,,,
202510213,HOU,11584,2025,TB,2,7.0,,0.0,0.21,0.09,1.0,5.0,18.04,19.48,16.61,2.88,0.58,0.86,0.58,0.0,0.29,0.29,0.58,2.12,0.09,3.46,21.23,0.07,18.58,9.12,0.82,91.21,,,0.02,2.88,,,,,,,,,,,,,,,,,,,,,,,,,,,,,,,,,,,,,,,,,,,,,
202510209,NYG,12457,2025,DAL,2,317.0,,0.0,0.03,0.01,1.0,82.0,1.69,1.83,1.56,0.27,0.05,0.08,0.05,0.0,0.03,0.03,0.05,0.23,0.01,0.37,2.34,0.01,1.82,0.89,0.06,8.94,,,0.0,0.27,,,,,,,,,,,,,,,,,,,,,,,,,,,,,,,,,,,,,,,,,,,,,
202510211,CHI,12535,2025,DET,2,293.0,,0.0,0.01,0.0,1.0,106.0,1.8,2.22,1.37,0.85,0.17,0.26,0.17,0.0,0.09,0.09,0.17,0.99,0.06,1.32,9.95,0.0,0.01,0.01,0.0,0.08,0.85,3.38,0.0,,,,,,,,,,,,,,,,,,,,,,,,,,,,,,,,,,,,,,,,,,,,,,
202510214,IND,4066,2025,DEN,2,99.0,3.84,0.0,0.05,0.02,1.0,19.0,6.57,8.49,4.65,3.84,0.77,1.15,0.77,0.01,0.38,0.38,0.77,3.57,0.19,5.15,35.69,,,,,,,,,,,,,,,,,,,,,,,,,,,,,,,,,,,,,,,,,,,,,,,,,,,,,,
202510211,DET,4983,2025,CHI,2,60.0,,0.0,0.06,0.03,1.0,26.0,11.33,13.58,9.09,4.49,0.9,1.35,0.9,0.01,0.45,0.45,0.9,6.49,0.37,7.68,64.91,0.0,0.72,0.4,0.0,3.97,4.49,,0.0,,,,,,,,,,,,,,,,,,,,,,,,,,,,,,,,,,,,,,,,,,,,,,
202510212,GB,5927,2025,WAS,2,51.0,,0.0,0.06,0.03,1.0,21.0,11.74,14.18,9.3,4.89,0.98,1.47,0.98,0.01,0.49,0.49,0.98,6.9,0.4,7.81,69.0,0.0,0.1,0.05,0.0,0.54,4.89,,0.0,,,,,,,,,,,,,,,,,,,,,,,,,,,,,,,,,,,,,,,,,,,,,,
202510216,KC,7525,2025,PHI,2,68.0,,0.0,0.06,0.03,1.0,31.0,10.61,12.88,8.34,4.54,0.91,1.36,0.91,0.01,0.45,0.45,0.91,6.04,0.38,6.82,60.38,0.0,0.07,0.03,0.01,0.26,4.54,,,,,,,,,,,,,,,,,,,,,,,,,,,,,,,,,,,,,,,,,,,,,,,,
202510212,WAS,6804,2025,GB,2,104.0,,0.01,0.43,0.19,1.0,16.0,19.46,19.46,19.46,,,,,,,,,,,,,0.01,2.07,1.06,0.19,10.64,,,0.0,,,,,,,,,,,,,,62.88,0.07,30.39,19.1,0.28,23.23,11.28,0.63,0.03,1.72,1.74,232.34,,,,,,,,,,,,,,,,,,,,,
202510222,NO,8154,2025,SF,2,214.0,,0.0,0.12,0.05,1.0,47.0,5.06,5.48,4.63,0.85,0.17,0.26,0.17,0.0,0.09,0.09,0.17,0.7,0.05,1.11,7.01,0.02,5.25,2.18,0.26,21.84,,,0.01,0.85,,,,,,,,,,,,,,,,,,,,,,,,,,,,,,,,,,,,,,,,,,,,,
202510220,MIN,9509,2025,ATL,2,14.0,,0.0,0.17,0.08,1.0,8.0,17.01,18.85,15.17,3.68,0.74,1.1,0.74,0.0,0.37,0.37,0.74,2.61,0.15,4.71,26.09,0.11,16.99,7.41,0.73,74.07,,,0.02,3.68,,,,,,,,,,,,,,,,,,,,,,,,,,,,,,,,,,,,,,,,,,,,,
202510219,MIA,2449,2025,NE,2,106.0,,0.0,0.06,0.03,1.0,40.0,9.13,11.27,6.98,4.28,0.86,1.29,0.86,0.01,0.43,0.43,0.86,5.12,0.3,6.41,51.25,0.0,0.13,0.06,0.01,0.59,4.28,,0.0,,,,,,,,,,,,,,,,,,,,,,,,,,,,,,,,,,,,,,,,,,,,,,
202510216,KC,PHI,2025,PHI,2,999.0,,0.05,,,1.0,999.0,6.29,6.29,6.29,,,,,,,,,,,,,,,,,,,32.12,,,,,,,,,,,,,,,,,,,,,,,0.09,,,,,,13.76,0.05,45.88,0.14,0.83,0.46,0.73,22.75,,2.06,4.18,349.51,1.0,,1.0,,0.05,,
202510211,CHI,3163,2025,DET,2,73.0,,0.01,0.46,0.2,1.0,9.0,20.89,20.89,20.89,,,,,,,,,,,,,0.01,1.93,0.71,0.12,7.14,,,0.0,,,,,,,,,,,,,,67.62,0.07,33.01,22.32,0.36,27.03,10.69,0.72,0.03,2.09,1.87,270.25,,,,,,,,,,,,,,,,,,,,,
202510216,PHI,4227,2025,KC,2,999.0,,,,,1.0,999.0,9.0,9.0,9.0,,,,,,,,,,,,,,,,,,,,,,2.13,1.81,0.38,0.5,0.44,0.38,70.56,0.13,0.19,2.81,2.69,0.13,,,,,,,,,,,,,,,,,,,,,,,,,,,,,,,,0.06,
202510203,BAL,4033,2025,CLE,2,52.0,4.37,0.0,0.06,0.02,1.0,5.0,8.55,10.73,6.37,4.37,0.87,1.31,0.87,0.01,0.44,0.44,0.87,4.48,0.32,6.37,44.8,,,,,,,,,,,,,,,,,,,,,,,,,,,,,,,,,,,,,,,,,,,,,,,,,,,,,,
202510228,SEA,5846,2025,PIT,2,39.0,,0.0,0.06,0.03,1.0,16.0,12.33,14.66,10.01,4.65,0.93,1.4,0.93,0.01,0.47,0.47,0.93,7.38,0.44,8.58,73.81,0.0,0.05,0.02,0.0,0.24,4.65,,,,,,,,,,,,,,,,,,,,,,,,,,,,,,,,,,,,,,,,,,,,,,,,
202510212,WAS,5850,2025,GB,2,11.0,,0.0,0.23,0.1,1.0,6.0,17.94,19.12,16.76,2.37,0.47,0.71,0.47,0.0,0.24,0.24,0.47,1.62,0.07,2.94,16.19,0.16,21.2,9.19,0.94,91.89,,,0.04,2.37,,,,,,,,,,,,,,,,,,,,,,,,,,,,,,,,,,,,,,,,,,,,,
202510209,NYG,6786,2025,DAL,2,10.0,,0.0,0.07,0.03,1.0,3.0,15.46,18.84,12.07,6.76,1.35,2.03,1.35,0.02,0.68,0.68,1.35,9.24,0.39,10.32,92.35,0.0,0.71,0.44,0.01,4.39,6.76,,0.0,,,,,,,,,,,,,,,,,,,,,,,,,,,,,,,,,,,,,,,,,,,,,,
202510234,LAR,5967,2025,TEN,2,32.0,,0.0,0.15,0.06,1.0,14.0,14.39,15.94,12.84,3.1,0.62,0.93,0.62,0.0,0.31,0.31,0.62,2.11,0.07,4.0,21.12,0.08,18.6,8.21,0.37,82.1,,,0.02,3.1,,,,,,,,,,,,,,,,,,,,,,,,,,,,,,,,,,,,,,,,,,,,,
202510207,JAX,6770,2025,CIN,2,29.0,,0.01,0.53,0.23,1.0,4.0,23.62,23.62,23.62,,,,,,,,,,,,,0.01,2.14,1.04,0.09,10.42,,,0.0,,,,,,,,,,,,,,69.48,0.09,37.76,26.24,0.41,29.47,11.52,0.69,0.03,2.95,2.29,294.75,,,,,,,,,,,,,,,,,,,,,
202510209,NYG,8110,2025,DAL,2,102.0,3.81,0.0,0.06,0.03,1.0,20.0,6.37,8.27,4.46,3.81,0.76,1.14,0.76,0.01,0.38,0.38,0.76,3.66,0.14,5.24,36.58,,,,,,,,,,,,,,,,,,,,,,,,,,,,,,,,,,,,,,,,,,,,,,,,,,,,,,
202510219,NE,7526,2025,MIA,2,84.0,,0.0,0.06,0.03,1.0,35.0,10.1,12.34,7.87,4.47,0.89,1.34,0.89,0.01,0.45,0.45,0.89,6.29,0.24,6.93,62.86,0.0,0.22,0.09,0.02,0.94,4.47,,0.0,,,,,,,,,,,,,,,,,,,,,,,,,,,,,,,,,,,,,,,,,,,,,,
202510216,KC,9225,2025,PHI,2,999.0,,,,,1.0,106.0,,,,,,,,,,,,,,,,,,,,,,6.31,,,,,,,,,,,,,,,,,,,,,,,,,,,,,,,,,,,,,,,,,,,,,,,
202510225,LV,7528,2025,LAC,2,216.0,,0.0,0.12,0.05,1.0,48.0,5.02,5.39,4.65,0.75,0.15,0.22,0.15,0.0,0.07,0.07,0.15,0.48,0.03,0.94,4.75,0.03,6.7,2.74,0.23,27.4,,,0.01,0.75,,,,,,,,,,,,,,,,,,,,,,,,,,,,,,,,,,,,,,,,,,,,,
202510222,NO,11638,2025,SF,2,78.0,,0.0,0.07,0.03,1.0,33.0,10.45,12.69,8.2,4.49,0.9,1.35,0.9,0.01,0.45,0.45,0.9,5.98,0.3,7.41,59.84,0.0,0.61,0.35,0.02,3.46,4.49,4.88,0.0,,,,,,,,,,,,,,,,,,,,,,,,,,0.13,,1.14,,,,,,,,,,,,,,,,,,
202510219,NE,12495,2025,MIA,2,218.0,,0.0,0.06,0.03,1.0,49.0,4.9,5.32,4.47,0.84,0.17,0.25,0.17,0.0,0.08,0.08,0.17,0.72,0.04,1.19,7.17,0.02,5.35,2.52,0.17,25.21,,,0.01,0.84,,,,,,,,,,,,,,,,,,,,,,,,,,,,,,,,,,,,,,,,,,,,,
202510224,NYJ,BUF,2025,BUF,2,999.0,,0.06,,,1.0,999.0,7.33,7.33,7.33,,,,,,,,,,,,,,,,,,,43.19,,,,,,,,,,,,,,,,,,,,,,,0.11,,,,,,16.14,0.06,59.32,0.17,0.91,0.57,0.74,19.75,1.0,2.56,5.11,341.49,1.0,,,,0.06,,
202510214,DEN,12518,2025,IND,2,61.0,4.27,0.0,0.14,0.06,1.0,7.0,8.05,10.19,5.92,4.27,0.85,1.28,0.85,0.01,0.43,0.43,0.85,4.29,0.22,6.15,42.95,0.0,0.41,0.17,0.04,1.67,,,0.0,,,,,,,,,,,,,,,,,,,,,,,,,,,,,,,,,,,,,,,,,,,,,,
202510219,MIA,12529,2025,NE,2,96.0,,0.0,0.11,0.05,1.0,27.0,10.95,12.3,9.6,2.7,0.54,0.81,0.54,0.0,0.27,0.27,0.54,2.15,0.13,3.59,21.47,0.05,9.97,4.78,0.33,47.83,,,0.01,2.7,,,,,,,,,,,,,,,,,,,,,,,,,,,,,,,,,,,,,,,,,,,,,
202510209,NYG,3294,2025,DAL,2,92.0,,0.01,0.52,0.23,1.0,14.0,20.01,20.01,20.01,,,,,,,,,,,,,0.01,2.08,0.97,0.1,9.7,,,0.0,,,,,,,,,,,,,,67.53,0.07,36.75,24.82,0.3,27.01,11.93,0.74,0.03,2.36,1.62,270.1,,,,,,,,,,,,,,,,,,,,,
202510212,GB,1339,2025,WAS,2,91.0,3.7,0.0,0.05,0.02,1.0,15.0,6.82,8.67,4.97,3.7,0.74,1.11,0.74,0.01,0.37,0.37,0.74,3.45,0.26,5.55,34.49,,,,,,,,,,,,,,,,,,,,,,,,,,,,,,,,,,,,,,,,,,,,,,,,,,,,,,
202510214,IND,3678,2025,DEN,2,999.0,,,,,1.0,999.0,8.49,8.49,8.49,,,,,,,,,,,,,,,,,,,,,,2.04,1.73,0.43,0.5,0.43,0.37,71.74,0.12,0.12,2.35,2.23,0.12,,,,,,,,,,,,,,,,,,,,,,,,,,,,0.06,,,,,
202510222,NO,4034,2025,SF,2,4.0,,0.0,0.22,0.1,1.0,3.0,17.53,19.82,15.25,4.57,0.91,1.37,0.91,0.01,0.46,0.46,0.91,3.48,0.23,5.6,34.78,0.08,16.27,8.06,0.41,80.62,,,0.02,4.57,,,,,,,,,,,,,,,,,,,,,,,,,,,,,,,,,,,,,,,,,,,,,
202510213,TB,4988,2025,HOU,2,101.0,,0.0,0.18,0.08,1.0,29.0,11.42,12.13,10.7,1.43,0.29,0.43,0.29,0.0,0.14,0.14,0.29,1.1,0.07,1.83,10.95,0.05,13.59,6.05,0.54,60.53,,,0.02,1.43,,,,,,,,,,,,,,,,,,,,,,,,,,,,,,,,,,,,,,,,,,,,,
202510220,MIN,8112,2025,ATL,2,31.0,,0.0,0.06,0.03,1.0,11.0,12.67,15.54,9.81,5.74,1.15,1.72,1.15,0.01,0.57,0.57,1.15,7.57,0.37,9.85,75.74,0.0,0.11,0.06,0.0,0.57,5.74,,,,,,,,,,,,,,,,,,,,,,,,,,,,,,,,,,,,,,,,,,,,,,,,
202510228,PIT,9488,2025,SEA,2,18.0,,0.0,0.07,0.03,1.0,5.0,14.37,17.58,11.15,6.43,1.29,1.93,1.29,0.01,0.64,0.64,1.29,8.19,0.46,10.16,81.91,0.0,0.41,0.2,0.01,1.96,6.43,,0.0,,,,,,,,,,,,,,,,,,,,,,,,,,,,,,,,,,,,,,,,,,,,,,
202510214,DEN,6819,2025,IND,2,80.0,,0.0,0.07,0.03,1.0,34.0,10.04,12.52,7.56,4.97,0.99,1.49,0.99,0.01,0.5,0.5,0.99,5.91,0.28,7.65,59.06,0.0,0.05,0.03,0.0,0.3,4.97,,,,,,,,,,,,,,,,,,,,,,,,,,,,,,,,,,,,,,,,,,,,,,,,
202510216,PHI,8205,2025,KC,2,154.0,,0.0,0.11,0.05,1.0,36.0,8.51,9.38,7.63,1.75,0.35,0.52,0.35,0.0,0.17,0.17,0.35,1.12,0.07,2.17,11.24,0.05,10.6,4.57,0.27,45.67,,,0.01,1.75,,,,,,,,,,,,,,,,,,,,,,,,,,,,,,,,,,,,,,,,,,,,,
202510214,IND,11563,2025,DEN,2,88.0,,0.01,0.42,0.18,1.0,13.0,20.34,20.34,20.34,,,,,,,,,,,,,0.02,4.74,2.23,0.18,22.26,,,0.01,,,,,,,,,,,,,,66.14,0.07,33.24,21.98,0.28,22.83,11.25,0.9,0.03,1.89,1.57,228.35,,,,,,,,,,,,,,,,,,,,,
202510214,IND,DEN,2025,DEN,2,999.0,,0.05,,,1.0,999.0,7.21,7.21,7.21,,,,,,,,,,,,,,,,,,,39.31,,,,,,,,,,,,,,,,,,,,,,,0.11,,,,,,16.81,0.05,56.12,0.16,0.92,0.54,0.76,20.25,1.0,2.49,4.93,361.42,,,,1.0,0.05,,
202510216,PHI,11624,2025,KC,2,90.0,,0.0,0.07,0.03,1.0,37.0,10.09,12.2,7.97,4.23,0.85,1.27,0.85,0.02,0.42,0.42,0.85,4.99,0.4,7.65,49.88,0.0,0.78,0.35,0.05,3.54,4.23,3.25,0.0,,,,,,,,,,,,,,,,,,,,,,,,,,0.13,,1.19,,,,,,,,,,,,,,,,,,
202510219,NE,3321,2025,MIA,2,36.0,,0.0,0.06,0.03,1.0,14.0,12.33,14.79,9.87,4.92,0.98,1.48,0.98,0.01,0.49,0.49,0.98,6.98,0.45,7.88,69.82,0.0,0.31,0.2,0.0,2.05,4.92,5.0,0.0,,,,,,,,,,,,,,,,,,,,,,,,,,0.19,,2.13,,,,,,,,,,,,,,,,,,
202510225,LAC,12527,2025,LV,2,17.0,,0.0,0.19,0.08,1.0,11.0,16.46,18.12,14.81,3.31,0.66,0.99,0.66,0.0,0.33,0.33,0.66,2.78,0.17,4.63,27.78,0.13,17.87,7.33,0.63,73.32,,,0.02,3.31,,,,,,,,,,,,,,,,,,,,,,,,,,,,,,,,,,,,,,,,,,,,,
202510216,KC,5022,2025,PHI,2,69.0,3.82,0.0,0.06,0.03,1.0,8.0,7.63,9.54,5.72,3.82,0.76,1.15,0.76,0.01,0.38,0.38,0.76,4.33,0.23,5.04,43.26,0.0,0.07,0.03,0.01,0.3,,,,,,,,,,,,,,,,,,,,,,,,,,,,,,,,,,,,,,,,,,,,,,,,,
202510225,LAC,5947,2025,LV,2,46.0,,0.0,0.07,0.03,1.0,18.0,11.69,14.4,8.98,5.41,1.08,1.62,1.08,0.01,0.54,0.54,1.08,6.83,0.35,8.31,68.3,0.0,0.11,0.07,0.0,0.71,5.41,,0.0,,,,,,,,,,,,,,,,,,0.0,,,,0.0,0.01,,,,,,,,,,,,,,,,,,,,,,,
202510207,CIN,7543,2025,JAX,2,71.0,,0.0,0.2,0.09,1.0,24.0,11.97,13.31,10.64,2.66,0.53,0.8,0.53,0.0,0.27,0.27,0.53,1.95,0.09,3.29,19.49,0.11,14.9,6.37,0.32,63.65,,,0.02,2.66,,,,,,,,,,,,,,,,,,,,,,,,,,,,,,,,,,,,,,,,,,,,,
202510224,BUF,8155,2025,NYJ,2,45.0,,0.0,0.18,0.08,1.0,20.0,13.19,14.83,11.54,3.29,0.66,0.99,0.66,0.0,0.33,0.33,0.66,2.5,0.16,4.21,24.99,0.06,13.64,6.29,0.32,62.9,,,0.01,3.29,,,,,,,,,,,,,,,,,,,,,,,,,,,,,,,,,,,,,,,,,,,,,
202510213,TB,7569,2025,HOU,2,20.0,,0.0,0.07,0.03,1.0,6.0,14.21,17.16,11.26,5.9,1.18,1.77,1.18,0.02,0.59,0.59,1.18,8.6,0.44,9.16,85.97,0.0,0.05,0.02,0.0,0.22,5.9,,,,,,,,,,,,,,,,,,,,,,,,,,,,,,,,,,,,,,,,,,,,,,,,
202510225,LV,8259,2025,LAC,2,999.0,,,,,1.0,999.0,9.85,9.85,9.85,,,,,,,,,,,,,,,,,,,,,,2.28,2.02,0.39,0.59,0.59,0.39,82.6,0.07,0.2,2.68,2.54,0.13,,,,,,,,,,,,,,,,,,,,,,,,,,,,,,,,0.07,
202510213,TB,HOU,2025,HOU,2,999.0,,0.05,,,1.0,999.0,7.01,7.01,7.01,,,,,,,,,,,,,,,,,,,38.48,,,,,,,,,,,,,,,,,,,,,,,0.11,,,,,,15.29,0.05,53.76,0.16,0.9,0.53,0.74,20.0,1.0,2.42,4.8,386.37,,,,1.0,0.05,,
202510201,CAR,11628,2025,ARI,2,62.0,,0.0,0.06,0.03,1.0,27.0,11.33,13.52,9.13,4.38,0.88,1.31,0.88,0.01,0.44,0.44,0.88,6.42,0.44,8.18,64.21,0.0,0.16,0.09,0.01,0.86,4.38,,,,,,,,,,,,,,,,,,,,,,,,,,,,,,,,,,,,,,,,,,,,,,,,
202510228,SEA,12504,2025,PIT,2,289.0,,0.0,0.03,0.01,1.0,68.0,2.56,2.78,2.33,0.45,0.09,0.13,0.09,0.0,0.04,0.04,0.09,0.39,0.02,0.63,3.86,0.01,2.77,1.28,0.09,12.75,,,0.0,0.45,,,,,,,,,,,,,,,,,,,,,,,,,,,,,,,,,,,,,,,,,,,,,
202510228,SEA,1945,2025,PIT,2,999.0,,,,,1.0,999.0,8.74,8.74,8.74,,,,,,,,,,,,,,,,,,,,,,2.08,1.83,0.43,0.55,0.49,0.37,76.16,0.12,0.12,2.14,2.08,0.06,,,,,,,,,,,,,,,,,,,,,,,,,,,,,,,,,
202510222,SF,4035,2025,NO,2,41.0,,0.0,0.18,0.08,1.0,17.0,13.19,15.01,11.37,3.64,0.73,1.09,0.73,0.0,0.36,0.36,0.73,2.5,0.14,4.65,24.97,0.06,13.73,5.73,0.4,57.3,,,0.01,3.64,,,,,,,,,,,,,,,,,,,,,,,,,,,,,,,,,,,,,,,,,,,,,
202510203,BAL,12512,2025,CLE,2,208.0,,0.0,0.08,0.04,1.0,46.0,5.27,5.72,4.82,0.9,0.18,0.27,0.18,0.0,0.09,0.09,0.18,0.81,0.04,1.3,8.08,0.04,6.04,2.58,0.2,25.83,,,0.01,0.9,,,,,,,,,,,,,,,,,,,,,,,,,,,,,,,,,,,,,,,,,,,,,
202510203,CLE,4881,2025,BAL,2,19.0,,0.01,0.69,0.3,1.0,1.0,25.52,25.52,25.52,,,,,,,,,,,,,0.07,9.38,6.01,0.29,60.11,,,0.01,,,,,,,,,,,,,,63.49,0.08,28.32,17.98,0.36,23.39,10.34,0.56,0.02,1.97,1.92,233.94,,,,,,,,,,,,,,,,,,,,,
202510220,ATL,4199,2025,MIN,2,119.0,,0.0,0.18,0.08,1.0,32.0,9.96,11.25,8.66,2.59,0.52,0.78,0.52,0.0,0.26,0.26,0.52,1.68,0.15,3.17,16.8,0.06,9.75,4.56,0.27,45.59,,,0.01,2.59,,,,,,,,,,,,,,,,,,,,,,,,,,,,,,,,,,,,,,,,,,,,,
202510216,KC,5859,2025,PHI,2,35.0,,0.0,0.06,0.03,1.0,13.0,12.65,14.99,10.3,4.69,0.94,1.41,0.94,0.01,0.47,0.47,0.94,7.46,0.48,7.68,74.56,,,,,,4.69,,,,,,,,,,,,,,,,,,,,,,,,,,,,,,,,,,,,,,,,,,,,,,,,
202510201,CAR,5849,2025,ARI,2,76.0,,0.01,0.58,0.25,1.0,11.0,20.79,20.79,20.79,,,,,,,,,,,,,0.02,5.26,3.8,0.24,38.0,,,0.01,,,,,,,,,,,,,,68.01,0.06,32.07,21.81,0.31,23.01,10.26,0.6,0.03,2.09,1.37,230.08,,,,,,,,,,,,,,,,,,,,,
202510220,MIN,7553,2025,ATL,2,98.0,3.28,0.0,0.04,0.02,1.0,18.0,6.86,8.5,5.22,3.28,0.66,0.98,0.66,0.01,0.33,0.33,0.66,4.14,0.18,5.45,41.41,,,,,,,,,,,,,,,,,,,,,,,,,,,,,,,,,,,,,,,,,,,,,,,,,,,,,,
202510220,ATL,6794,2025,MIN,2,13.0,,0.0,0.06,0.03,1.0,4.0,15.41,18.43,12.38,6.05,1.21,1.82,1.21,0.02,0.61,0.61,1.21,9.38,0.5,9.42,93.8,0.0,0.05,0.02,0.0,0.21,6.05,,,,,,,,,,,,,,,,,,,,,,,,,,,,,,,,,,,,,,,,,,,,,,,,
202510211,CHI,DET,2025,DET,2,999.0,,0.05,,,1.0,999.0,6.79,6.79,6.79,,,,,,,,,,,,,,,,,,,40.34,,,,,,,,,,,,,,,,,,,,,,,0.11,,,,,,14.81,0.05,55.15,0.16,0.85,0.53,0.69,20.75,1.0,2.34,4.67,342.83,1.0,,,,0.05,,
202510219,MIA,7611,2025,NE,2,175.0,,0.0,0.13,0.06,1.0,40.0,7.03,7.43,6.63,0.8,0.16,0.24,0.16,0.0,0.08,0.08,0.16,0.48,0.03,0.99,4.77,0.07,9.95,4.09,0.33,40.88,,,0.01,0.8,,,,,,,,,,,,,,,,,,,,,,,,,,,,,,,,,,,,,,,,,,,,,
202510209,DAL,11632,2025,NYG,2,25.0,,0.0,0.06,0.03,1.0,9.0,13.3,16.32,10.28,6.04,1.21,1.81,1.21,0.01,0.6,0.6,1.21,7.57,0.41,9.92,75.73,0.0,0.36,0.16,0.02,1.6,6.04,,0.0,,,,,,,,,,,,,,,,,,,,,,,,,,,,,,,,,,,,,,,,,,,,,,
202510228,PIT,4039,2025,SEA,2,122.0,,0.0,0.06,0.02,1.0,44.0,8.75,10.65,6.85,3.8,0.76,1.14,0.76,0.01,0.38,0.38,0.76,4.71,0.34,5.8,47.06,0.0,0.17,0.07,0.01,0.74,3.8,1.67,0.0,,,,,,,,,,,,,,,,,,,,,,,,,,0.06,,0.62,,,,,,,,,,,,,,,,,,
202510212,GB,4663,2025,WAS,2,121.0,,0.0,0.14,0.06,1.0,33.0,9.91,11.14,8.68,2.46,0.49,0.74,0.49,0.0,0.25,0.25,0.49,1.77,0.09,3.01,17.72,0.03,8.46,3.5,0.49,34.98,,21.15,0.01,2.46,,,,,,,,,,,,,,,,,,,,,,,,,,,,,,,,,,,,,,,,,,,,,0.07
202510220,MIN,4666,2025,ATL,2,999.0,,,,,1.0,999.0,8.07,8.07,8.07,,,,,,,,,,,,,,,,,,,,,,1.97,1.67,0.36,0.48,0.48,0.36,70.39,0.12,0.12,2.09,1.97,0.12,,,,,,,,,,,,,,,,,,,,,,,,,,,,0.06,,,,,
202510213,HOU,4892,2025,TB,2,64.0,,0.01,0.59,0.26,1.0,6.0,21.26,21.26,21.26,,,,,,,,,,,,,0.01,3.4,1.73,0.12,17.28,,,0.01,,,,,,,,,,,,,,64.92,0.07,32.96,21.4,0.32,25.08,11.57,0.84,0.03,2.31,1.87,250.76,,,,,,,,,,,,,,,,,,,,,
202510212,GB,5872,2025,WAS,2,59.0,,0.0,0.07,0.03,1.0,25.0,11.44,13.6,9.28,4.32,0.86,1.3,0.86,0.01,0.43,0.43,0.86,5.99,0.31,6.94,59.91,0.01,1.7,0.79,0.11,7.88,4.32,19.36,0.0,,,,,,,,,,,,,,,,,,,,,,,,,,,,,,,,,,,,,,,,,,,,,,
202510220,ATL,5844,2025,MIN,2,54.0,4.53,0.0,0.06,0.03,1.0,6.0,8.32,10.58,6.05,4.53,0.91,1.36,0.91,0.01,0.45,0.45,0.91,4.51,0.26,6.4,45.14,,,,,,,,,,,,,,,,,,,,,,,,,,,,,,,,,,,,,,,,,,,,,,,,,,,,,,
202510214,IND,6806,2025,DEN,2,40.0,,0.0,0.27,0.12,1.0,16.0,13.79,15.08,12.49,2.59,0.52,0.78,0.52,0.0,0.26,0.26,0.52,1.59,0.13,3.16,15.87,0.1,14.12,6.85,0.58,68.52,,,0.02,2.59,,,,,,,,,,,,,,,,,,,,,,,,,,,,,,,,,,,,,,,,,,,,,
202510211,CHI,8148,2025,DET,2,87.0,,0.0,0.07,0.03,1.0,36.0,10.36,12.3,8.42,3.88,0.78,1.16,0.78,0.01,0.39,0.39,0.78,6.05,0.3,7.0,60.51,0.0,0.68,0.39,0.03,3.87,3.88,1.79,0.0,,,,,,,,,,,,,,,,,,,,,,,,,,,,,,,,,,,,,,,,,,,,,,
202510201,ARI,7594,2025,CAR,2,24.0,,0.0,0.19,0.08,1.0,13.0,15.69,17.18,14.2,2.98,0.6,0.89,0.6,0.0,0.3,0.3,0.6,1.78,0.13,3.64,17.76,0.06,16.59,7.64,0.69,76.44,,,0.02,2.98,,,,,,,,,,,,,,,,,,,,,,,,,,,,,,,,,,,,,,,,,,,,,
202510207,CIN,9480,2025,JAX,2,82.0,3.82,0.0,0.04,0.02,1.0,13.0,7.15,9.06,5.24,3.82,0.76,1.15,0.76,0.01,0.38,0.38,0.76,3.93,0.22,5.16,39.3,,,,,,,,,,,,,,,,,,,,,,,,,,,,,,,,,,,,,,,,,,,,,,,,,,,,,,
202510214,DEN,6813,2025,IND,2,16.0,,0.0,0.19,0.08,1.0,10.0,16.56,18.14,14.98,3.17,0.63,0.95,0.63,0.0,0.32,0.32,0.63,2.21,0.14,4.07,22.08,0.24,17.59,8.06,0.66,80.62,,,0.02,3.17,,,,,,,,,,,,,,,,,,,,,,,,,,,,,,,,,,,,,,,,,,,,,
202510213,TB,9758,2025,HOU,2,147.0,,0.01,0.43,0.19,1.0,29.0,17.54,17.54,17.54,,,,,,,,,,,,,0.01,2.6,1.28,0.07,12.81,,,0.0,,,,,,,,,,,,,,64.51,0.07,33.91,21.88,0.33,24.01,12.04,0.67,0.03,2.67,1.28,240.1,,,,,,,,,,,,,,,,,,,,,
202510225,LV,11635,2025,LAC,2,56.0,,0.0,0.06,0.03,1.0,23.0,11.32,13.78,8.86,4.92,0.98,1.48,0.98,0.01,0.49,0.49,0.98,6.69,0.35,7.31,66.9,0.0,0.15,0.07,0.01,0.72,4.92,1.7,,,,,,,,,,,,,,,,,,,,,,,,,,,0.13,,1.17,,,,,,,,,,,,,,,,,,
202510220,ATL,MIN,2025,MIN,2,999.0,,0.05,,,1.0,999.0,7.23,7.23,7.23,,,,,,,,,,,,,,,,,,,40.28,,,,,,,,,,,,,,,,,,,,,,,0.11,,,,,,15.62,0.05,55.9,0.16,0.93,0.55,0.77,20.25,1.0,2.47,4.93,349.76,1.0,,,,0.05,,
202510216,PHI,4046,2025,KC,2,72.0,,0.01,0.3,0.13,1.0,8.0,20.92,20.92,20.92,,,,,,,,,,,,,0.01,3.16,2.16,0.12,21.6,,,0.0,,,,,,,,,,,,,,67.11,0.08,35.57,23.87,0.28,23.79,11.7,0.71,0.03,1.94,1.81,237.9,,,,,,,,,,,,,,,,,,,,,
202510216,KC,4866,2025,PHI,2,15.0,,0.0,0.2,0.09,1.0,9.0,17.55,18.63,16.46,2.17,0.43,0.65,0.43,0.0,0.22,0.22,0.43,1.36,0.12,2.89,13.6,0.27,20.23,10.0,0.75,99.99,,,0.03,2.17,,,,,,,,,,,,,,,,,,,,,,,,,,,,,,,,,,,,,,,,,,,,,
202510203,CLE,5012,2025,BAL,2,75.0,3.49,0.0,0.07,0.03,1.0,9.0,7.71,9.46,5.96,3.49,0.7,1.05,0.7,0.01,0.35,0.35,0.7,4.07,0.31,5.04,40.69,0.0,0.1,0.04,0.0,0.36,,,0.0,,,,,,,,,,,,,,,,,,,,,,,,,,,,,,,,,,,,,,,,,,,,,,
202510203,BAL,6783,2025,CLE,2,63.0,,0.0,0.06,0.02,1.0,28.0,11.15,13.52,8.77,4.74,0.95,1.42,0.95,0.01,0.47,0.47,0.95,7.2,0.25,8.26,72.02,0.0,0.15,0.07,0.01,0.69,4.74,,,,,,,,,,,,,,,,,,,,,,,,,,,,,,,,,,,,,,,,,,,,,,,,
202510209,NYG,7588,2025,DAL,2,42.0,,0.0,0.24,0.1,1.0,18.0,13.54,14.99,12.09,2.9,0.58,0.87,0.58,0.0,0.29,0.29,0.58,1.73,0.1,3.64,17.34,0.07,16.39,6.58,0.56,65.76,,,0.02,2.9,,,,,,,,,,,,,,,,,,,,,,,,,,,,,,,,,,,,,,,,,,,,,
202510207,JAX,7839,2025,CIN,2,999.0,,,,,1.0,999.0,9.33,9.33,9.33,,,,,,,,,,,,,,,,,,,,,,2.2,1.8,0.4,0.53,0.53,0.33,75.15,0.13,0.2,3.0,2.86,0.13,,,,,,,,,,,,,,,,,,,,,,,,,,,,0.07,,,,,
202510207,JAX,6801,2025,CIN,2,34.0,,0.0,0.07,0.03,1.0,12.0,12.91,15.34,10.47,4.86,0.97,1.46,0.97,0.02,0.49,0.49,0.97,7.51,0.5,8.15,75.08,,,,,,4.86,,,,,,,,,,,,,,,,,,,,,,,,,,,,,,,,,,,,,,,,,,,,,,,,
202510224,NYJ,8134,2025,BUF,2,133.0,,0.0,0.06,0.03,1.0,50.0,7.99,9.98,6.0,3.98,0.8,1.19,0.8,0.01,0.4,0.4,0.8,4.83,0.19,5.72,48.27,0.0,0.14,0.07,0.0,0.67,3.98,,0.0,,,,,,,,,,,,,,,,,,,,,,,,,,0.13,,1.33,,,,,,,,,,,,,,,,,,
202510228,PIT,8151,2025,SEA,2,114.0,,0.0,0.16,0.07,1.0,31.0,10.28,11.39,9.16,2.23,0.45,0.67,0.45,0.0,0.22,0.22,0.45,1.53,0.11,2.83,15.25,0.05,11.27,4.33,0.47,43.27,,,0.01,2.23,,,,,,,,,,,,,,,,,,,,,,,,,,,,,,,,,,,,,,,,,,,,,
202510212,WAS,9484,2025,GB,2,77.0,3.56,0.0,0.06,0.03,1.0,10.0,7.6,9.38,5.82,3.56,0.71,1.07,0.71,0.01,0.36,0.36,0.71,4.19,0.28,4.95,41.9,0.0,0.01,0.0,0.0,0.04,,,0.0,,,,,,,,,,,,,,,,,,,,,,,,,,,,,,,,,,,,,,,,,,,,,,
202510214,DEN,9500,2025,IND,2,149.0,,0.0,0.05,0.02,1.0,54.0,7.48,9.3,5.66,3.64,0.73,1.09,0.73,0.01,0.36,0.36,0.73,4.19,0.23,5.51,41.92,0.0,0.16,0.08,0.0,0.76,3.64,3.11,,,,,,,,,,,,,,,,,,,,,,,,,,,0.66,,6.15,,,,,,,,,,,,,,,,,,
202510203,BAL,8143,2025,CLE,2,200.0,,0.0,0.09,0.04,1.0,45.0,5.24,6.07,4.4,1.66,0.33,0.5,0.33,0.0,0.17,0.17,0.33,1.16,0.08,2.11,11.61,0.05,5.02,2.12,0.12,21.21,,7.11,0.0,1.66,,,,,,,,,,,,,,,,,,,,,,,,,,,,,,,,,,,,,,,,,,,,,
202510212,GB,WAS,2025,WAS,2,999.0,,0.05,,,1.0,999.0,6.03,6.03,6.03,,,,,,,,,,,,,,,,,,,41.72,,,,,,,,,,,,,,,,,,,,,,,0.05,,,,,,14.27,0.05,55.99,0.1,0.79,0.47,0.68,25.75,,2.2,4.41,362.54,,,1.0,1.0,,,
