model_id,domain,player_type,horizon,model_type,train_date,train_rows,val_rows,val_rmse,val_mae,val_spearman,val_r2,features_used,notes
batters_daily_ridge_2026-06-16,sports,batters,daily,ridge,2026-06-16,6498,2067,3.255,2.5194,0.1006,0.0079,"[""fantasy_pts_r7"", ""fantasy_pts_r14"", ""fantasy_pts_r30"", ""fantasy_pts_std_r7"", ""fantasy_pts_std_r14"", ""sharpe_r14"", ""wOBA_r7"", ""wOBA_r14"", ""xwOBA_r7"", ""xwOBA_r14"", ""ISO_r7"", ""ISO_r14"", ""Hard_pct_r7"", ""Hard_pct_r14"", ""Barrel_pct_r7"", ""Barrel_pct_r14"", ""EV_r7"", ""EV_r14"", ""SwStr_pct_r7"", ""SwStr_pct_r14"", ""BB_pct_r7"", ""K_pct_r7"", ""BABIP_r7"", ""rest_days"", ""opp_diff_r14"", ""season_ppg"", ""hot_flag"", ""cold_flag"", ""BatOrder_r7"", ""bat_order_trend"", ""pos_1B"", ""pos_2B"", ""pos_3B"", ""pos_C"", ""pos_OF"", ""pos_SS""]",initial baseline run
batters_daily_gbm_2026-06-16,sports,batters,daily,gbm,2026-06-16,6498,2067,3.2721,2.5362,0.0785,-0.0026,"[""fantasy_pts_r7"", ""fantasy_pts_r14"", ""fantasy_pts_r30"", ""fantasy_pts_std_r7"", ""fantasy_pts_std_r14"", ""sharpe_r14"", ""wOBA_r7"", ""wOBA_r14"", ""xwOBA_r7"", ""xwOBA_r14"", ""ISO_r7"", ""ISO_r14"", ""Hard_pct_r7"", ""Hard_pct_r14"", ""Barrel_pct_r7"", ""Barrel_pct_r14"", ""EV_r7"", ""EV_r14"", ""SwStr_pct_r7"", ""SwStr_pct_r14"", ""BB_pct_r7"", ""K_pct_r7"", ""BABIP_r7"", ""rest_days"", ""opp_diff_r14"", ""season_ppg"", ""hot_flag"", ""cold_flag"", ""BatOrder_r7"", ""bat_order_trend"", ""pos_1B"", ""pos_2B"", ""pos_3B"", ""pos_C"", ""pos_OF"", ""pos_SS""]",initial baseline run
batters_weekly_ridge_2026-06-16,sports,batters,weekly,ridge,2026-06-16,6483,2065,8.3546,6.8535,0.2113,-0.0438,"[""fantasy_pts_r7"", ""fantasy_pts_r14"", ""fantasy_pts_r30"", ""fantasy_pts_std_r7"", ""fantasy_pts_std_r14"", ""sharpe_r14"", ""wOBA_r7"", ""wOBA_r14"", ""xwOBA_r7"", ""xwOBA_r14"", ""ISO_r7"", ""ISO_r14"", ""Hard_pct_r7"", ""Hard_pct_r14"", ""Barrel_pct_r7"", ""Barrel_pct_r14"", ""EV_r7"", ""EV_r14"", ""SwStr_pct_r7"", ""SwStr_pct_r14"", ""BB_pct_r7"", ""K_pct_r7"", ""BABIP_r7"", ""rest_days"", ""opp_diff_r14"", ""season_ppg"", ""hot_flag"", ""cold_flag"", ""BatOrder_r7"", ""bat_order_trend"", ""pos_1B"", ""pos_2B"", ""pos_3B"", ""pos_C"", ""pos_OF"", ""pos_SS""]",initial baseline run
batters_weekly_gbm_2026-06-16,sports,batters,weekly,gbm,2026-06-16,6483,2065,8.4257,6.8128,0.2284,-0.0616,"[""fantasy_pts_r7"", ""fantasy_pts_r14"", ""fantasy_pts_r30"", ""fantasy_pts_std_r7"", ""fantasy_pts_std_r14"", ""sharpe_r14"", ""wOBA_r7"", ""wOBA_r14"", ""xwOBA_r7"", ""xwOBA_r14"", ""ISO_r7"", ""ISO_r14"", ""Hard_pct_r7"", ""Hard_pct_r14"", ""Barrel_pct_r7"", ""Barrel_pct_r14"", ""EV_r7"", ""EV_r14"", ""SwStr_pct_r7"", ""SwStr_pct_r14"", ""BB_pct_r7"", ""K_pct_r7"", ""BABIP_r7"", ""rest_days"", ""opp_diff_r14"", ""season_ppg"", ""hot_flag"", ""cold_flag"", ""BatOrder_r7"", ""bat_order_trend"", ""pos_1B"", ""pos_2B"", ""pos_3B"", ""pos_C"", ""pos_OF"", ""pos_SS""]",initial baseline run
pitchers_daily_ridge_2026-06-16,sports,pitchers,daily,ridge,2026-06-16,2324,596,6.8865,4.9958,0.3864,0.1772,"[""fantasy_pts_r3"", ""fantasy_pts_r5"", ""fantasy_pts_r10"", ""fantasy_pts_std_r5"", ""fantasy_pts_std_r10"", ""sharpe_r5"", ""IP_r3"", ""IP_r5"", ""K_r3"", ""K_r5"", ""ER_r3"", ""ER_r5"", ""BB_r3"", ""BB_r5"", ""ERA_r5"", ""WHIP_r5"", ""rest_days"", ""opp_diff_r14"", ""season_ppg""]",initial baseline run
pitchers_daily_gbm_2026-06-16,sports,pitchers,daily,gbm,2026-06-16,2324,596,7.0519,5.061,0.3673,0.1372,"[""fantasy_pts_r3"", ""fantasy_pts_r5"", ""fantasy_pts_r10"", ""fantasy_pts_std_r5"", ""fantasy_pts_std_r10"", ""sharpe_r5"", ""IP_r3"", ""IP_r5"", ""K_r3"", ""K_r5"", ""ER_r3"", ""ER_r5"", ""BB_r3"", ""BB_r5"", ""ERA_r5"", ""WHIP_r5"", ""rest_days"", ""opp_diff_r14"", ""season_ppg""]",initial baseline run
pitchers_weekly_ridge_2026-06-16,sports,pitchers,weekly,ridge,2026-06-16,2275,591,8.3313,6.4399,0.1986,0.0398,"[""fantasy_pts_r3"", ""fantasy_pts_r5"", ""fantasy_pts_r10"", ""fantasy_pts_std_r5"", ""fantasy_pts_std_r10"", ""sharpe_r5"", ""IP_r3"", ""IP_r5"", ""K_r3"", ""K_r5"", ""ER_r3"", ""ER_r5"", ""BB_r3"", ""BB_r5"", ""ERA_r5"", ""WHIP_r5"", ""rest_days"", ""opp_diff_r14"", ""season_ppg""]",initial baseline run
pitchers_weekly_gbm_2026-06-16,sports,pitchers,weekly,gbm,2026-06-16,2275,591,8.347,6.4425,0.2166,0.0361,"[""fantasy_pts_r3"", ""fantasy_pts_r5"", ""fantasy_pts_r10"", ""fantasy_pts_std_r5"", ""fantasy_pts_std_r10"", ""sharpe_r5"", ""IP_r3"", ""IP_r5"", ""K_r3"", ""K_r5"", ""ER_r3"", ""ER_r5"", ""BB_r3"", ""BB_r5"", ""ERA_r5"", ""WHIP_r5"", ""rest_days"", ""opp_diff_r14"", ""season_ppg""]",initial baseline run
batters_daily_ridge_2026-06-16,sports,batters,daily,ridge,2026-06-16,6498,2067,3.2551,2.5192,0.101,0.0079,"[""fantasy_pts_r7"", ""fantasy_pts_r14"", ""fantasy_pts_r30"", ""fantasy_pts_std_r7"", ""fantasy_pts_std_r14"", ""sharpe_r14"", ""wOBA_r7"", ""wOBA_r14"", ""xwOBA_r7"", ""xwOBA_r14"", ""ISO_r7"", ""ISO_r14"", ""Hard_pct_r7"", ""Hard_pct_r14"", ""Barrel_pct_r7"", ""Barrel_pct_r14"", ""EV_r7"", ""EV_r14"", ""SwStr_pct_r7"", ""SwStr_pct_r14"", ""BB_pct_r7"", ""K_pct_r7"", ""BABIP_r7"", ""rest_days"", ""opp_diff_r14"", ""season_ppg"", ""hot_flag"", ""cold_flag"", ""BatOrder_r7"", ""bat_order_trend"", ""park_factor_dev"", ""pos_1B"", ""pos_2B"", ""pos_3B"", ""pos_C"", ""pos_OF"", ""pos_SS""]",added park_factor_dev; pitcher quality lookup; multi-year ready
batters_daily_gbm_2026-06-16,sports,batters,daily,gbm,2026-06-16,6498,2067,3.2727,2.5344,0.0815,-0.0029,"[""fantasy_pts_r7"", ""fantasy_pts_r14"", ""fantasy_pts_r30"", ""fantasy_pts_std_r7"", ""fantasy_pts_std_r14"", ""sharpe_r14"", ""wOBA_r7"", ""wOBA_r14"", ""xwOBA_r7"", ""xwOBA_r14"", ""ISO_r7"", ""ISO_r14"", ""Hard_pct_r7"", ""Hard_pct_r14"", ""Barrel_pct_r7"", ""Barrel_pct_r14"", ""EV_r7"", ""EV_r14"", ""SwStr_pct_r7"", ""SwStr_pct_r14"", ""BB_pct_r7"", ""K_pct_r7"", ""BABIP_r7"", ""rest_days"", ""opp_diff_r14"", ""season_ppg"", ""hot_flag"", ""cold_flag"", ""BatOrder_r7"", ""bat_order_trend"", ""park_factor_dev"", ""pos_1B"", ""pos_2B"", ""pos_3B"", ""pos_C"", ""pos_OF"", ""pos_SS""]",added park_factor_dev; pitcher quality lookup; multi-year ready
batters_weekly_ridge_2026-06-16,sports,batters,weekly,ridge,2026-06-16,6483,2065,8.3523,6.8536,0.2126,-0.0432,"[""fantasy_pts_r7"", ""fantasy_pts_r14"", ""fantasy_pts_r30"", ""fantasy_pts_std_r7"", ""fantasy_pts_std_r14"", ""sharpe_r14"", ""wOBA_r7"", ""wOBA_r14"", ""xwOBA_r7"", ""xwOBA_r14"", ""ISO_r7"", ""ISO_r14"", ""Hard_pct_r7"", ""Hard_pct_r14"", ""Barrel_pct_r7"", ""Barrel_pct_r14"", ""EV_r7"", ""EV_r14"", ""SwStr_pct_r7"", ""SwStr_pct_r14"", ""BB_pct_r7"", ""K_pct_r7"", ""BABIP_r7"", ""rest_days"", ""opp_diff_r14"", ""season_ppg"", ""hot_flag"", ""cold_flag"", ""BatOrder_r7"", ""bat_order_trend"", ""park_factor_dev"", ""pos_1B"", ""pos_2B"", ""pos_3B"", ""pos_C"", ""pos_OF"", ""pos_SS""]",added park_factor_dev; pitcher quality lookup; multi-year ready
batters_weekly_gbm_2026-06-16,sports,batters,weekly,gbm,2026-06-16,6483,2065,8.4247,6.8245,0.2305,-0.0614,"[""fantasy_pts_r7"", ""fantasy_pts_r14"", ""fantasy_pts_r30"", ""fantasy_pts_std_r7"", ""fantasy_pts_std_r14"", ""sharpe_r14"", ""wOBA_r7"", ""wOBA_r14"", ""xwOBA_r7"", ""xwOBA_r14"", ""ISO_r7"", ""ISO_r14"", ""Hard_pct_r7"", ""Hard_pct_r14"", ""Barrel_pct_r7"", ""Barrel_pct_r14"", ""EV_r7"", ""EV_r14"", ""SwStr_pct_r7"", ""SwStr_pct_r14"", ""BB_pct_r7"", ""K_pct_r7"", ""BABIP_r7"", ""rest_days"", ""opp_diff_r14"", ""season_ppg"", ""hot_flag"", ""cold_flag"", ""BatOrder_r7"", ""bat_order_trend"", ""park_factor_dev"", ""pos_1B"", ""pos_2B"", ""pos_3B"", ""pos_C"", ""pos_OF"", ""pos_SS""]",added park_factor_dev; pitcher quality lookup; multi-year ready
pitchers_daily_ridge_2026-06-16,sports,pitchers,daily,ridge,2026-06-16,2324,596,6.9034,5.0155,0.3778,0.1732,"[""fantasy_pts_r3"", ""fantasy_pts_r5"", ""fantasy_pts_r10"", ""fantasy_pts_std_r5"", ""fantasy_pts_std_r10"", ""sharpe_r5"", ""IP_r3"", ""IP_r5"", ""K_r3"", ""K_r5"", ""ER_r3"", ""ER_r5"", ""BB_r3"", ""BB_r5"", ""ERA_r5"", ""WHIP_r5"", ""rest_days"", ""opp_diff_r14"", ""season_ppg"", ""park_factor_dev""]",added park_factor_dev; pitcher quality lookup; multi-year ready
pitchers_daily_gbm_2026-06-16,sports,pitchers,daily,gbm,2026-06-16,2324,596,7.0755,5.083,0.3556,0.1315,"[""fantasy_pts_r3"", ""fantasy_pts_r5"", ""fantasy_pts_r10"", ""fantasy_pts_std_r5"", ""fantasy_pts_std_r10"", ""sharpe_r5"", ""IP_r3"", ""IP_r5"", ""K_r3"", ""K_r5"", ""ER_r3"", ""ER_r5"", ""BB_r3"", ""BB_r5"", ""ERA_r5"", ""WHIP_r5"", ""rest_days"", ""opp_diff_r14"", ""season_ppg"", ""park_factor_dev""]",added park_factor_dev; pitcher quality lookup; multi-year ready
pitchers_weekly_ridge_2026-06-16,sports,pitchers,weekly,ridge,2026-06-16,2275,591,8.3047,6.4144,0.2158,0.0459,"[""fantasy_pts_r3"", ""fantasy_pts_r5"", ""fantasy_pts_r10"", ""fantasy_pts_std_r5"", ""fantasy_pts_std_r10"", ""sharpe_r5"", ""IP_r3"", ""IP_r5"", ""K_r3"", ""K_r5"", ""ER_r3"", ""ER_r5"", ""BB_r3"", ""BB_r5"", ""ERA_r5"", ""WHIP_r5"", ""rest_days"", ""opp_diff_r14"", ""season_ppg"", ""park_factor_dev""]",added park_factor_dev; pitcher quality lookup; multi-year ready
pitchers_weekly_gbm_2026-06-16,sports,pitchers,weekly,gbm,2026-06-16,2275,591,8.3245,6.43,0.2215,0.0413,"[""fantasy_pts_r3"", ""fantasy_pts_r5"", ""fantasy_pts_r10"", ""fantasy_pts_std_r5"", ""fantasy_pts_std_r10"", ""sharpe_r5"", ""IP_r3"", ""IP_r5"", ""K_r3"", ""K_r5"", ""ER_r3"", ""ER_r5"", ""BB_r3"", ""BB_r5"", ""ERA_r5"", ""WHIP_r5"", ""rest_days"", ""opp_diff_r14"", ""season_ppg"", ""park_factor_dev""]",added park_factor_dev; pitcher quality lookup; multi-year ready
batters_daily_ridge_2026-06-16,sports,batters,daily,ridge,2026-06-16,59783,2075,3.2512,2.5025,0.1066,0.011,"[""fantasy_pts_r7"", ""fantasy_pts_r14"", ""fantasy_pts_r30"", ""fantasy_pts_std_r7"", ""fantasy_pts_std_r14"", ""sharpe_r14"", ""wOBA_r7"", ""wOBA_r14"", ""xwOBA_r7"", ""xwOBA_r14"", ""ISO_r7"", ""ISO_r14"", ""Hard_pct_r7"", ""Hard_pct_r14"", ""Barrel_pct_r7"", ""Barrel_pct_r14"", ""EV_r7"", ""EV_r14"", ""SwStr_pct_r7"", ""SwStr_pct_r14"", ""BB_pct_r7"", ""K_pct_r7"", ""BABIP_r7"", ""rest_days"", ""opp_diff_r14"", ""season_ppg"", ""hot_flag"", ""cold_flag"", ""BatOrder_r7"", ""bat_order_trend"", ""park_factor_dev"", ""pos_1B"", ""pos_2B"", ""pos_3B"", ""pos_C"", ""pos_OF"", ""pos_SS""]","added 2024+2025 history (3 seasons, 65k batter rows)"
batters_daily_ridge_2026-06-16,sports,batters,daily,ridge,2026-06-16,59783,2075,3.2512,2.5025,0.1066,0.011,"[""fantasy_pts_r7"", ""fantasy_pts_r14"", ""fantasy_pts_r30"", ""fantasy_pts_std_r7"", ""fantasy_pts_std_r14"", ""sharpe_r14"", ""wOBA_r7"", ""wOBA_r14"", ""xwOBA_r7"", ""xwOBA_r14"", ""ISO_r7"", ""ISO_r14"", ""Hard_pct_r7"", ""Hard_pct_r14"", ""Barrel_pct_r7"", ""Barrel_pct_r14"", ""EV_r7"", ""EV_r14"", ""SwStr_pct_r7"", ""SwStr_pct_r14"", ""BB_pct_r7"", ""K_pct_r7"", ""BABIP_r7"", ""rest_days"", ""opp_diff_r14"", ""season_ppg"", ""hot_flag"", ""cold_flag"", ""BatOrder_r7"", ""bat_order_trend"", ""park_factor_dev"", ""pos_1B"", ""pos_2B"", ""pos_3B"", ""pos_C"", ""pos_OF"", ""pos_SS""]","added 2024+2025 history (3 seasons, 65k batter rows)"
batters_daily_gbm_2026-06-16,sports,batters,daily,gbm,2026-06-16,59783,2075,3.2592,2.5094,0.0904,0.0061,"[""fantasy_pts_r7"", ""fantasy_pts_r14"", ""fantasy_pts_r30"", ""fantasy_pts_std_r7"", ""fantasy_pts_std_r14"", ""sharpe_r14"", ""wOBA_r7"", ""wOBA_r14"", ""xwOBA_r7"", ""xwOBA_r14"", ""ISO_r7"", ""ISO_r14"", ""Hard_pct_r7"", ""Hard_pct_r14"", ""Barrel_pct_r7"", ""Barrel_pct_r14"", ""EV_r7"", ""EV_r14"", ""SwStr_pct_r7"", ""SwStr_pct_r14"", ""BB_pct_r7"", ""K_pct_r7"", ""BABIP_r7"", ""rest_days"", ""opp_diff_r14"", ""season_ppg"", ""hot_flag"", ""cold_flag"", ""BatOrder_r7"", ""bat_order_trend"", ""park_factor_dev"", ""pos_1B"", ""pos_2B"", ""pos_3B"", ""pos_C"", ""pos_OF"", ""pos_SS""]","added 2024+2025 history (3 seasons, 65k batter rows)"
batters_weekly_ridge_2026-06-16,sports,batters,weekly,ridge,2026-06-16,59511,2073,8.1131,6.5459,0.2127,0.0145,"[""fantasy_pts_r7"", ""fantasy_pts_r14"", ""fantasy_pts_r30"", ""fantasy_pts_std_r7"", ""fantasy_pts_std_r14"", ""sharpe_r14"", ""wOBA_r7"", ""wOBA_r14"", ""xwOBA_r7"", ""xwOBA_r14"", ""ISO_r7"", ""ISO_r14"", ""Hard_pct_r7"", ""Hard_pct_r14"", ""Barrel_pct_r7"", ""Barrel_pct_r14"", ""EV_r7"", ""EV_r14"", ""SwStr_pct_r7"", ""SwStr_pct_r14"", ""BB_pct_r7"", ""K_pct_r7"", ""BABIP_r7"", ""rest_days"", ""opp_diff_r14"", ""season_ppg"", ""hot_flag"", ""cold_flag"", ""BatOrder_r7"", ""bat_order_trend"", ""park_factor_dev"", ""pos_1B"", ""pos_2B"", ""pos_3B"", ""pos_C"", ""pos_OF"", ""pos_SS""]","added 2024+2025 history (3 seasons, 65k batter rows)"
batters_weekly_gbm_2026-06-16,sports,batters,weekly,gbm,2026-06-16,59511,2073,8.083,6.4983,0.2458,0.0218,"[""fantasy_pts_r7"", ""fantasy_pts_r14"", ""fantasy_pts_r30"", ""fantasy_pts_std_r7"", ""fantasy_pts_std_r14"", ""sharpe_r14"", ""wOBA_r7"", ""wOBA_r14"", ""xwOBA_r7"", ""xwOBA_r14"", ""ISO_r7"", ""ISO_r14"", ""Hard_pct_r7"", ""Hard_pct_r14"", ""Barrel_pct_r7"", ""Barrel_pct_r14"", ""EV_r7"", ""EV_r14"", ""SwStr_pct_r7"", ""SwStr_pct_r14"", ""BB_pct_r7"", ""K_pct_r7"", ""BABIP_r7"", ""rest_days"", ""opp_diff_r14"", ""season_ppg"", ""hot_flag"", ""cold_flag"", ""BatOrder_r7"", ""bat_order_trend"", ""park_factor_dev"", ""pos_1B"", ""pos_2B"", ""pos_3B"", ""pos_C"", ""pos_OF"", ""pos_SS""]","added 2024+2025 history (3 seasons, 65k batter rows)"
pitchers_daily_ridge_2026-06-16,sports,pitchers,daily,ridge,2026-06-16,20383,600,6.8594,4.9574,0.3974,0.1877,"[""fantasy_pts_r3"", ""fantasy_pts_r5"", ""fantasy_pts_r10"", ""fantasy_pts_std_r5"", ""fantasy_pts_std_r10"", ""sharpe_r5"", ""IP_r3"", ""IP_r5"", ""K_r3"", ""K_r5"", ""ER_r3"", ""ER_r5"", ""BB_r3"", ""BB_r5"", ""ERA_r5"", ""WHIP_r5"", ""rest_days"", ""opp_diff_r14"", ""season_ppg"", ""park_factor_dev""]","added 2024+2025 history (3 seasons, 65k batter rows)"
pitchers_daily_gbm_2026-06-16,sports,pitchers,daily,gbm,2026-06-16,20383,600,6.9573,5.0086,0.3866,0.1644,"[""fantasy_pts_r3"", ""fantasy_pts_r5"", ""fantasy_pts_r10"", ""fantasy_pts_std_r5"", ""fantasy_pts_std_r10"", ""sharpe_r5"", ""IP_r3"", ""IP_r5"", ""K_r3"", ""K_r5"", ""ER_r3"", ""ER_r5"", ""BB_r3"", ""BB_r5"", ""ERA_r5"", ""WHIP_r5"", ""rest_days"", ""opp_diff_r14"", ""season_ppg"", ""park_factor_dev""]","added 2024+2025 history (3 seasons, 65k batter rows)"
pitchers_weekly_ridge_2026-06-16,sports,pitchers,weekly,ridge,2026-06-16,19503,595,8.2271,6.384,0.2615,0.0657,"[""fantasy_pts_r3"", ""fantasy_pts_r5"", ""fantasy_pts_r10"", ""fantasy_pts_std_r5"", ""fantasy_pts_std_r10"", ""sharpe_r5"", ""IP_r3"", ""IP_r5"", ""K_r3"", ""K_r5"", ""ER_r3"", ""ER_r5"", ""BB_r3"", ""BB_r5"", ""ERA_r5"", ""WHIP_r5"", ""rest_days"", ""opp_diff_r14"", ""season_ppg"", ""park_factor_dev""]","added 2024+2025 history (3 seasons, 65k batter rows)"
pitchers_weekly_gbm_2026-06-16,sports,pitchers,weekly,gbm,2026-06-16,19503,595,8.1768,6.3279,0.2937,0.0771,"[""fantasy_pts_r3"", ""fantasy_pts_r5"", ""fantasy_pts_r10"", ""fantasy_pts_std_r5"", ""fantasy_pts_std_r10"", ""sharpe_r5"", ""IP_r3"", ""IP_r5"", ""K_r3"", ""K_r5"", ""ER_r3"", ""ER_r5"", ""BB_r3"", ""BB_r5"", ""ERA_r5"", ""WHIP_r5"", ""rest_days"", ""opp_diff_r14"", ""season_ppg"", ""park_factor_dev""]","added 2024+2025 history (3 seasons, 65k batter rows)"
batters_daily_ridge_2026-06-16,sports,batters,daily,ridge,2026-06-16,59783,2075,3.2509,2.5038,0.1062,0.0111,"[""fantasy_pts_r7"", ""fantasy_pts_r14"", ""fantasy_pts_r30"", ""fantasy_pts_std_r7"", ""fantasy_pts_std_r14"", ""sharpe_r14"", ""wOBA_r7"", ""wOBA_r14"", ""xwOBA_r7"", ""xwOBA_r14"", ""ISO_r7"", ""ISO_r14"", ""Hard_pct_r7"", ""Hard_pct_r14"", ""Barrel_pct_r7"", ""Barrel_pct_r14"", ""EV_r7"", ""EV_r14"", ""SwStr_pct_r7"", ""SwStr_pct_r14"", ""BB_pct_r7"", ""K_pct_r7"", ""BABIP_r7"", ""rest_days"", ""opp_diff_r14"", ""season_ppg"", ""hot_flag"", ""cold_flag"", ""BatOrder_r7"", ""bat_order_trend"", ""park_factor_dev"", ""is_home"", ""month"", ""is_midsummer"", ""games_since_hr"", ""games_since_sb"", ""multi_hit_r14"", ""pos_1B"", ""pos_2B"", ""pos_3B"", ""pos_C"", ""pos_OF"", ""pos_SS""]","new features: is_home, month, games_since_hr/sb, multi_hit_r14 (3 seasons)"
batters_daily_gbm_2026-06-16,sports,batters,daily,gbm,2026-06-16,59783,2075,3.2568,2.5098,0.0988,0.0076,"[""fantasy_pts_r7"", ""fantasy_pts_r14"", ""fantasy_pts_r30"", ""fantasy_pts_std_r7"", ""fantasy_pts_std_r14"", ""sharpe_r14"", ""wOBA_r7"", ""wOBA_r14"", ""xwOBA_r7"", ""xwOBA_r14"", ""ISO_r7"", ""ISO_r14"", ""Hard_pct_r7"", ""Hard_pct_r14"", ""Barrel_pct_r7"", ""Barrel_pct_r14"", ""EV_r7"", ""EV_r14"", ""SwStr_pct_r7"", ""SwStr_pct_r14"", ""BB_pct_r7"", ""K_pct_r7"", ""BABIP_r7"", ""rest_days"", ""opp_diff_r14"", ""season_ppg"", ""hot_flag"", ""cold_flag"", ""BatOrder_r7"", ""bat_order_trend"", ""park_factor_dev"", ""is_home"", ""month"", ""is_midsummer"", ""games_since_hr"", ""games_since_sb"", ""multi_hit_r14"", ""pos_1B"", ""pos_2B"", ""pos_3B"", ""pos_C"", ""pos_OF"", ""pos_SS""]","new features: is_home, month, games_since_hr/sb, multi_hit_r14 (3 seasons)"
batters_weekly_ridge_2026-06-16,sports,batters,weekly,ridge,2026-06-16,59511,2073,8.1511,6.6001,0.2166,0.0052,"[""fantasy_pts_r7"", ""fantasy_pts_r14"", ""fantasy_pts_r30"", ""fantasy_pts_std_r7"", ""fantasy_pts_std_r14"", ""sharpe_r14"", ""wOBA_r7"", ""wOBA_r14"", ""xwOBA_r7"", ""xwOBA_r14"", ""ISO_r7"", ""ISO_r14"", ""Hard_pct_r7"", ""Hard_pct_r14"", ""Barrel_pct_r7"", ""Barrel_pct_r14"", ""EV_r7"", ""EV_r14"", ""SwStr_pct_r7"", ""SwStr_pct_r14"", ""BB_pct_r7"", ""K_pct_r7"", ""BABIP_r7"", ""rest_days"", ""opp_diff_r14"", ""season_ppg"", ""hot_flag"", ""cold_flag"", ""BatOrder_r7"", ""bat_order_trend"", ""park_factor_dev"", ""is_home"", ""month"", ""is_midsummer"", ""games_since_hr"", ""games_since_sb"", ""multi_hit_r14"", ""pos_1B"", ""pos_2B"", ""pos_3B"", ""pos_C"", ""pos_OF"", ""pos_SS""]","new features: is_home, month, games_since_hr/sb, multi_hit_r14 (3 seasons)"
batters_weekly_gbm_2026-06-16,sports,batters,weekly,gbm,2026-06-16,59511,2073,8.1512,6.5914,0.2475,0.0052,"[""fantasy_pts_r7"", ""fantasy_pts_r14"", ""fantasy_pts_r30"", ""fantasy_pts_std_r7"", ""fantasy_pts_std_r14"", ""sharpe_r14"", ""wOBA_r7"", ""wOBA_r14"", ""xwOBA_r7"", ""xwOBA_r14"", ""ISO_r7"", ""ISO_r14"", ""Hard_pct_r7"", ""Hard_pct_r14"", ""Barrel_pct_r7"", ""Barrel_pct_r14"", ""EV_r7"", ""EV_r14"", ""SwStr_pct_r7"", ""SwStr_pct_r14"", ""BB_pct_r7"", ""K_pct_r7"", ""BABIP_r7"", ""rest_days"", ""opp_diff_r14"", ""season_ppg"", ""hot_flag"", ""cold_flag"", ""BatOrder_r7"", ""bat_order_trend"", ""park_factor_dev"", ""is_home"", ""month"", ""is_midsummer"", ""games_since_hr"", ""games_since_sb"", ""multi_hit_r14"", ""pos_1B"", ""pos_2B"", ""pos_3B"", ""pos_C"", ""pos_OF"", ""pos_SS""]","new features: is_home, month, games_since_hr/sb, multi_hit_r14 (3 seasons)"
pitchers_daily_ridge_2026-06-16,sports,pitchers,daily,ridge,2026-06-16,20383,600,6.8594,4.9574,0.3974,0.1877,"[""fantasy_pts_r3"", ""fantasy_pts_r5"", ""fantasy_pts_r10"", ""fantasy_pts_std_r5"", ""fantasy_pts_std_r10"", ""sharpe_r5"", ""IP_r3"", ""IP_r5"", ""K_r3"", ""K_r5"", ""ER_r3"", ""ER_r5"", ""BB_r3"", ""BB_r5"", ""ERA_r5"", ""WHIP_r5"", ""rest_days"", ""opp_diff_r14"", ""season_ppg"", ""park_factor_dev""]","new features: is_home, month, games_since_hr/sb, multi_hit_r14 (3 seasons)"
pitchers_daily_gbm_2026-06-16,sports,pitchers,daily,gbm,2026-06-16,20383,600,6.9573,5.0086,0.3866,0.1644,"[""fantasy_pts_r3"", ""fantasy_pts_r5"", ""fantasy_pts_r10"", ""fantasy_pts_std_r5"", ""fantasy_pts_std_r10"", ""sharpe_r5"", ""IP_r3"", ""IP_r5"", ""K_r3"", ""K_r5"", ""ER_r3"", ""ER_r5"", ""BB_r3"", ""BB_r5"", ""ERA_r5"", ""WHIP_r5"", ""rest_days"", ""opp_diff_r14"", ""season_ppg"", ""park_factor_dev""]","new features: is_home, month, games_since_hr/sb, multi_hit_r14 (3 seasons)"
pitchers_weekly_ridge_2026-06-16,sports,pitchers,weekly,ridge,2026-06-16,19503,595,8.2271,6.384,0.2615,0.0657,"[""fantasy_pts_r3"", ""fantasy_pts_r5"", ""fantasy_pts_r10"", ""fantasy_pts_std_r5"", ""fantasy_pts_std_r10"", ""sharpe_r5"", ""IP_r3"", ""IP_r5"", ""K_r3"", ""K_r5"", ""ER_r3"", ""ER_r5"", ""BB_r3"", ""BB_r5"", ""ERA_r5"", ""WHIP_r5"", ""rest_days"", ""opp_diff_r14"", ""season_ppg"", ""park_factor_dev""]","new features: is_home, month, games_since_hr/sb, multi_hit_r14 (3 seasons)"
pitchers_weekly_gbm_2026-06-16,sports,pitchers,weekly,gbm,2026-06-16,19503,595,8.1768,6.3279,0.2937,0.0771,"[""fantasy_pts_r3"", ""fantasy_pts_r5"", ""fantasy_pts_r10"", ""fantasy_pts_std_r5"", ""fantasy_pts_std_r10"", ""sharpe_r5"", ""IP_r3"", ""IP_r5"", ""K_r3"", ""K_r5"", ""ER_r3"", ""ER_r5"", ""BB_r3"", ""BB_r5"", ""ERA_r5"", ""WHIP_r5"", ""rest_days"", ""opp_diff_r14"", ""season_ppg"", ""park_factor_dev""]","new features: is_home, month, games_since_hr/sb, multi_hit_r14 (3 seasons)"
batters_daily_ridge_2026-06-16,sports,batters,daily,ridge,2026-06-16,138054,2075,3.2496,2.5088,0.1098,0.0119,"[""fantasy_pts_r7"", ""fantasy_pts_r14"", ""fantasy_pts_r30"", ""fantasy_pts_std_r7"", ""fantasy_pts_std_r14"", ""sharpe_r14"", ""wOBA_r7"", ""wOBA_r14"", ""xwOBA_r7"", ""xwOBA_r14"", ""ISO_r7"", ""ISO_r14"", ""Hard_pct_r7"", ""Hard_pct_r14"", ""Barrel_pct_r7"", ""Barrel_pct_r14"", ""EV_r7"", ""EV_r14"", ""SwStr_pct_r7"", ""SwStr_pct_r14"", ""BB_pct_r7"", ""K_pct_r7"", ""BABIP_r7"", ""rest_days"", ""opp_diff_r14"", ""season_ppg"", ""hot_flag"", ""cold_flag"", ""BatOrder_r7"", ""bat_order_trend"", ""park_factor_dev"", ""is_home"", ""month"", ""is_midsummer"", ""games_since_hr"", ""games_since_sb"", ""multi_hit_r14"", ""pos_1B"", ""pos_2B"", ""pos_3B"", ""pos_C"", ""pos_OF"", ""pos_SS""]",6 seasons 2021-2026 all features
batters_daily_gbm_2026-06-16,sports,batters,daily,gbm,2026-06-16,138054,2075,3.2508,2.5093,0.1099,0.0112,"[""fantasy_pts_r7"", ""fantasy_pts_r14"", ""fantasy_pts_r30"", ""fantasy_pts_std_r7"", ""fantasy_pts_std_r14"", ""sharpe_r14"", ""wOBA_r7"", ""wOBA_r14"", ""xwOBA_r7"", ""xwOBA_r14"", ""ISO_r7"", ""ISO_r14"", ""Hard_pct_r7"", ""Hard_pct_r14"", ""Barrel_pct_r7"", ""Barrel_pct_r14"", ""EV_r7"", ""EV_r14"", ""SwStr_pct_r7"", ""SwStr_pct_r14"", ""BB_pct_r7"", ""K_pct_r7"", ""BABIP_r7"", ""rest_days"", ""opp_diff_r14"", ""season_ppg"", ""hot_flag"", ""cold_flag"", ""BatOrder_r7"", ""bat_order_trend"", ""park_factor_dev"", ""is_home"", ""month"", ""is_midsummer"", ""games_since_hr"", ""games_since_sb"", ""multi_hit_r14"", ""pos_1B"", ""pos_2B"", ""pos_3B"", ""pos_C"", ""pos_OF"", ""pos_SS""]",6 seasons 2021-2026 all features
batters_weekly_ridge_2026-06-16,sports,batters,weekly,ridge,2026-06-16,137311,2073,8.1872,6.6447,0.2276,-0.0036,"[""fantasy_pts_r7"", ""fantasy_pts_r14"", ""fantasy_pts_r30"", ""fantasy_pts_std_r7"", ""fantasy_pts_std_r14"", ""sharpe_r14"", ""wOBA_r7"", ""wOBA_r14"", ""xwOBA_r7"", ""xwOBA_r14"", ""ISO_r7"", ""ISO_r14"", ""Hard_pct_r7"", ""Hard_pct_r14"", ""Barrel_pct_r7"", ""Barrel_pct_r14"", ""EV_r7"", ""EV_r14"", ""SwStr_pct_r7"", ""SwStr_pct_r14"", ""BB_pct_r7"", ""K_pct_r7"", ""BABIP_r7"", ""rest_days"", ""opp_diff_r14"", ""season_ppg"", ""hot_flag"", ""cold_flag"", ""BatOrder_r7"", ""bat_order_trend"", ""park_factor_dev"", ""is_home"", ""month"", ""is_midsummer"", ""games_since_hr"", ""games_since_sb"", ""multi_hit_r14"", ""pos_1B"", ""pos_2B"", ""pos_3B"", ""pos_C"", ""pos_OF"", ""pos_SS""]",6 seasons 2021-2026 all features
batters_weekly_gbm_2026-06-16,sports,batters,weekly,gbm,2026-06-16,137311,2073,8.2052,6.6557,0.2358,-0.008,"[""fantasy_pts_r7"", ""fantasy_pts_r14"", ""fantasy_pts_r30"", ""fantasy_pts_std_r7"", ""fantasy_pts_std_r14"", ""sharpe_r14"", ""wOBA_r7"", ""wOBA_r14"", ""xwOBA_r7"", ""xwOBA_r14"", ""ISO_r7"", ""ISO_r14"", ""Hard_pct_r7"", ""Hard_pct_r14"", ""Barrel_pct_r7"", ""Barrel_pct_r14"", ""EV_r7"", ""EV_r14"", ""SwStr_pct_r7"", ""SwStr_pct_r14"", ""BB_pct_r7"", ""K_pct_r7"", ""BABIP_r7"", ""rest_days"", ""opp_diff_r14"", ""season_ppg"", ""hot_flag"", ""cold_flag"", ""BatOrder_r7"", ""bat_order_trend"", ""park_factor_dev"", ""is_home"", ""month"", ""is_midsummer"", ""games_since_hr"", ""games_since_sb"", ""multi_hit_r14"", ""pos_1B"", ""pos_2B"", ""pos_3B"", ""pos_C"", ""pos_OF"", ""pos_SS""]",6 seasons 2021-2026 all features
pitchers_daily_ridge_2026-06-16,sports,pitchers,daily,ridge,2026-06-16,47478,600,6.832,4.9389,0.4017,0.1942,"[""fantasy_pts_r3"", ""fantasy_pts_r5"", ""fantasy_pts_r10"", ""fantasy_pts_std_r5"", ""fantasy_pts_std_r10"", ""sharpe_r5"", ""IP_r3"", ""IP_r5"", ""K_r3"", ""K_r5"", ""ER_r3"", ""ER_r5"", ""BB_r3"", ""BB_r5"", ""ERA_r5"", ""WHIP_r5"", ""rest_days"", ""opp_diff_r14"", ""season_ppg"", ""park_factor_dev""]",6 seasons 2021-2026 all features
pitchers_daily_gbm_2026-06-16,sports,pitchers,daily,gbm,2026-06-16,47478,600,6.8601,4.9636,0.3951,0.1875,"[""fantasy_pts_r3"", ""fantasy_pts_r5"", ""fantasy_pts_r10"", ""fantasy_pts_std_r5"", ""fantasy_pts_std_r10"", ""sharpe_r5"", ""IP_r3"", ""IP_r5"", ""K_r3"", ""K_r5"", ""ER_r3"", ""ER_r5"", ""BB_r3"", ""BB_r5"", ""ERA_r5"", ""WHIP_r5"", ""rest_days"", ""opp_diff_r14"", ""season_ppg"", ""park_factor_dev""]",6 seasons 2021-2026 all features
pitchers_weekly_ridge_2026-06-16,sports,pitchers,weekly,ridge,2026-06-16,45037,595,8.1968,6.3596,0.265,0.0726,"[""fantasy_pts_r3"", ""fantasy_pts_r5"", ""fantasy_pts_r10"", ""fantasy_pts_std_r5"", ""fantasy_pts_std_r10"", ""sharpe_r5"", ""IP_r3"", ""IP_r5"", ""K_r3"", ""K_r5"", ""ER_r3"", ""ER_r5"", ""BB_r3"", ""BB_r5"", ""ERA_r5"", ""WHIP_r5"", ""rest_days"", ""opp_diff_r14"", ""season_ppg"", ""park_factor_dev""]",6 seasons 2021-2026 all features
pitchers_weekly_gbm_2026-06-16,sports,pitchers,weekly,gbm,2026-06-16,45037,595,8.1127,6.3322,0.2943,0.0915,"[""fantasy_pts_r3"", ""fantasy_pts_r5"", ""fantasy_pts_r10"", ""fantasy_pts_std_r5"", ""fantasy_pts_std_r10"", ""sharpe_r5"", ""IP_r3"", ""IP_r5"", ""K_r3"", ""K_r5"", ""ER_r3"", ""ER_r5"", ""BB_r3"", ""BB_r5"", ""ERA_r5"", ""WHIP_r5"", ""rest_days"", ""opp_diff_r14"", ""season_ppg"", ""park_factor_dev""]",6 seasons 2021-2026 all features
