game_id,opponent,player_id,season,team,week,stat_gms_active,stat_pos_rank_half_ppr,stat_pos_rank_ppr,stat_pos_rank_std,stat_bonus_fd_wr,stat_bonus_rec_wr,stat_gp,stat_gs,stat_pts_half_ppr,stat_pts_ppr,stat_pts_std,stat_rec,stat_rec_10_19,stat_rec_5_9,stat_rec_air_yd,stat_rec_fd,stat_rec_lng,stat_rec_tgt,stat_rec_yar,stat_rec_yd,stat_rec_ypr,stat_rec_ypt,stat_rush_rec_yd,stat_bonus_fd_te,stat_bonus_rec_te,stat_bonus_rec_rb,stat_fum,stat_fum_lost,stat_pass_rush_yd,stat_rec_0_4,stat_rush_att,stat_rush_lng,stat_rush_yd,stat_rush_ypa,stat_fga,stat_fgm,stat_fgm_30_39,stat_fgm_50_59,stat_fgm_50p,stat_fgm_lng,stat_fgm_pct,stat_fgm_yds,stat_fgm_yds_over_30,stat_kick_pts,stat_xpa,stat_xpm,stat_rush_td_lng,stat_pass_int,stat_pass_air_yd,stat_pass_sack_yds,stat_rush_td,stat_pass_ypc,stat_pass_lng,stat_pass_rtg,stat_rush_fd,stat_pass_int_td,stat_pass_att,stat_pass_rz_att,stat_pass_sack,stat_pass_cmp,stat_cmp_pct,stat_pass_ypa,stat_pass_fd,stat_pass_yd,stat_rush_rz_att,stat_pass_td,stat_anytime_tds,stat_bonus_fd_qb,stat_pass_td_lng,stat_pass_inc,stat_rec_rz_tgt,stat_tm_def_snp,stat_tm_st_snp,stat_tm_off_snp,stat_off_snp,stat_rush_yac,stat_kr_lng,stat_pr,stat_rec_20_29,stat_idp_tkl,stat_kr_ypa,stat_idp_tkl_solo,stat_kr,stat_kr_yd,stat_pr_ypa,stat_pts_idp,stat_pr_lng,stat_pr_yd,stat_sack,stat_qb_hit,stat_def_forced_punts,stat_def_pr_yd,stat_penalty,stat_tkl_ast,stat_def_kr_yd,stat_pts_allow,stat_def_pr,stat_fan_pts_allow_k,stat_def_st_tkl_solo,stat_def_pr_ypa,stat_ff,stat_def_kr_ypa,stat_yds_allow_200_299,stat_pts_allow_14_20,stat_def_pr_lng,stat_int,stat_tkl_solo_misc,stat_yds_allow,stat_fan_pts_allow_def,stat_def_kr,stat_def_kr_lng,stat_penalty_yd,stat_def_3_and_out,stat_fan_pts_allow_qb,stat_fan_pts_allow_wr,stat_tkl_loss,stat_def_pass_def,stat_fan_pts_allow_te,stat_tkl,stat_tkl_solo,stat_fan_pts_allow,stat_td,stat_fan_pts_allow_rb,stat_bonus_rush_rec_yd_100,stat_rush_tkl_loss_yd,stat_bonus_rush_att_20,stat_bonus_fd_rb,stat_rush_tkl_loss,stat_bonus_rush_yd_100,stat_rec_30_39,stat_rec_td,stat_rec_td_lng,stat_bonus_rec_yd_100,stat_first_td,stat_rec_40p,stat_pass_cmp_40p,stat_fgm_20_29,stat_fgm_40_49,stat_fgmiss,stat_fgmiss_50_59,stat_fgmiss_50p,stat_rec_td_40p,stat_sack_yd,stat_def_st_fum_rec,stat_blk_kick,stat_fgm_60p,stat_fg_blkd,stat_pts_allow_21_27,stat_bonus_pass_cmp_25,stat_bonus_pass_yd_300,stat_yds_allow_350_399,stat_int_ret_yd,stat_fum_rec,stat_def_4_and_stop,stat_def_st_ff,stat_st_td,stat_st_tkl_solo,stat_pts_allow_1_6,stat_yds_allow_300_349,stat_fum_ret_yd,stat_bonus_pass_yd_400,stat_pass_2pt,stat_pass_td_40p,stat_fgmiss_40_49,stat_rec_drop,stat_rush_btkl,stat_fgm_0_19,stat_pass_td_50p,stat_rec_2pt,stat_pts_allow_28_34,stat_pts_allow_7_13
202510923,SF,12481,2025,NYG,9,1.0,999.0,999.0,999.0,,,,,,,,,,,,,,,,,,,,,,,,,,,,,,,,,,,,,,,,,,,,,,,,,,,,,,,,,,,,,,,,,,,,,,,,,,,,,,,,,,,,,,,,,,,,,,,,,,,,,,,,,,,,,,,,,,,,,,,,,,,,,,,,,,,,,,,,,,,,,,,,,,,,,,,,,,,,,,,,,,,,,,,
202510904,KC,11637,2025,BUF,9,1.0,62.0,62.0,66.0,1.0,2.0,1.0,1.0,2.7,3.7,1.7,2.0,1.0,1.0,10.0,1.0,11.0,2.0,7.0,17.0,8.5,8.5,17.0,,,,,,,,,,,,,,,,,,,,,,,,,,,,,,,,,,,,,,,,,,,,,,,,,,,,,,,,,,,,,,,,,,,,,,,,,,,,,,,,,,,,,,,,,,,,,,,,,,,,,,,,,,,,,,,,,,,,,,,,,,,,,,,,,,,,,,,,,,,,,,,,,,,,
202510921,ATL,3214,2025,NE,9,1.0,20.0,18.0,20.0,,,1.0,1.0,7.1,9.1,5.1,4.0,3.0,1.0,24.0,4.0,17.0,6.0,27.0,51.0,12.75,8.5,51.0,4.0,4.0,,,,,,,,,,,,,,,,,,,,,,,,,,,,,,,,,,,,,,,,,,,,,,,,,,,,,,,,,,,,,,,,,,,,,,,,,,,,,,,,,,,,,,,,,,,,,,,,,,,,,,,,,,,,,,,,,,,,,,,,,,,,,,,,,,,,,,,,,,,,,,,,,,
202510932,LAR,4035,2025,NO,9,1.0,61.0,57.0,62.0,,,1.0,1.0,0.2,0.7,-0.3,1.0,,,-6.0,,3.0,3.0,9.0,3.0,3.0,1.0,17.0,,,1.0,1.0,1.0,14.0,1.0,6.0,3.0,14.0,2.33,,,,,,,,,,,,,,,,,,,,,,,,,,,,,,,,,,,,,,,,,,,,,,,,,,,,,,,,,,,,,,,,,,,,,,,,,,,,,,,,,,,,,,,,,,,,,,,,,,,,,,,,,,,,,,,,,,,,,,,,,,,,,,,,,,,,,,,,,
202510923,NYG,5189,2025,SF,9,1.0,999.0,999.0,999.0,,,1.0,,12.0,12.0,12.0,,,,,,,,,,,,,,,,,,,,,,,,2.0,2.0,1.0,1.0,1.0,54.0,100.0,87.0,27.0,10.0,4.0,4.0,,,,,,,,,,,,,,,,,,,,,,,,,,,,,,,,,,,,,,,,,,,,,,,,,,,,,,,,,,,,,,,,,,,,,,,,,,,,,,,,,,,,,,,,,,,,,,,,,,,,,,,,,,,,,,,,,,,,,,,,,,,,,
202510934,TEN,6797,2025,LAC,9,1.0,4.0,4.0,4.0,,,1.0,1.0,28.7,28.7,28.7,,,,,,,,,,,,57.0,,,,,,307.0,,9.0,29.0,57.0,6.33,,,,,,,,,,,,,1.0,1.0,146.0,38.0,1.0,13.16,34.0,101.2,5.0,1.0,29.0,5.0,6.0,19.0,65.52,8.62,10.0,250.0,3.0,2.0,1.0,15.0,19.0,10.0,,,,,,,,,,,,,,,,,,,,,,,,,,,,,,,,,,,,,,,,,,,,,,,,,,,,,,,,,,,,,,,,,,,,,,,,,,,,,,,,,,,,,,,,,,,,,,,,,,,,,
202510911,MIN,7547,2025,DET,9,1.0,15.0,10.0,21.0,2.0,9.0,1.0,1.0,14.2,18.7,9.7,9.0,3.0,5.0,75.0,2.0,19.0,13.0,22.0,97.0,10.78,7.46,97.0,,,,,,,1.0,,,,,,,,,,,,,,,,,,,,,,,,,,,,,,,,,,,,,,,,,2.0,,,,,,,,,,,,,,,,,,,,,,,,,,,,,,,,,,,,,,,,,,,,,,,,,,,,,,,,,,,,,,,,,,,,,,,,,,,,,,,,,,,,,,,,,,,,,,,,,,,,
202510919,MIA,4881,2025,BAL,9,1.0,9.0,9.0,9.0,,,1.0,1.0,25.56,25.56,25.56,,,,,,,,,,,,14.0,,,,,,218.0,,5.0,13.0,14.0,2.8,,,,,,,,,,,,,,,113.0,16.0,,11.33,39.0,143.2,1.0,,23.0,5.0,2.0,18.0,78.26,8.87,7.0,204.0,,4.0,,8.0,20.0,5.0,,64.0,24.0,56.0,56.0,8.0,,,,,,,,,,,,,,,,,,,,,,,,,,,,,,,,,,,,,,,,,,,,,,,,,,,,,,,,,,,,,,,,,,,,,,,,,,,,,,,,,,,,,,,,,,,,,,,
202510932,LAR,8676,2025,NO,9,1.0,28.0,28.0,31.0,3.0,5.0,1.0,1.0,9.3,11.8,6.8,5.0,2.0,2.0,56.0,3.0,26.0,9.0,12.0,68.0,13.6,7.56,68.0,,,,,,,,,,,,,,,,,,,,,,,,,,,,,,,,,,,,,,,,,,,,,,,,1.0,,,,,,29.0,1.0,1.0,1.0,29.0,1.0,1.0,29.0,9.0,2.0,9.0,9.0,,,,,,,,,,,,,,,,,,,,,,,,,,,,,,,,,,,,,,,,,,,,,,,,,,,,,,,,,,,,,,,,,,,,,,,,,,,,,,,,,,,
202510912,CAR,GB,2025,GB,9,,999.0,999.0,999.0,,,1.0,,4.0,4.0,4.0,,,,,,,,,,,,,,,,,,,,,,,,,,,,,,,,,,,,,,,,,,,,,,,,,,,,,,,,,,,,,,,,,,,,,,,,,,,,,,1.0,2.0,3.0,6.0,7.0,44.0,68.0,16.0,2.0,4.0,2.0,3.0,1.0,22.67,1.0,1.0,6.0,1.0,1.0,265.0,10.0,3.0,33.0,42.0,1.0,3.98,17.3,1.0,1.0,1.5,66.0,22.0,56.58,1.0,29.8,,,,,,,,,,,,,,,,,,,,,,,,,,,,,,,,,,,,,,,,,,,,,,,,
202510925,LV,7543,2025,JAX,9,1.0,10.0,12.0,13.0,,,1.0,1.0,14.0,16.5,11.5,5.0,1.0,1.0,-2.0,1.0,16.0,5.0,33.0,31.0,6.2,6.2,115.0,,,5.0,1.0,,84.0,3.0,22.0,20.0,84.0,3.82,,,,,,,,,,,,,,,,,,,,,6.0,,,,,,,,,,8.0,,,,,,,,,,,,,,,,,,,,,,,,,,,,,,,,,,,,,,,,,,,,,,,,,,,,,,,,,,,1.0,-6.0,1.0,7.0,3.0,,,,,,,,,,,,,,,,,,,,,,,,,,,,,,,,,,,,,,,,,,,
202510932,NO,8150,2025,LAR,9,1.0,6.0,8.0,4.0,,,1.0,1.0,17.4,17.4,17.4,,,,,,,,,,,,114.0,,,,,,114.0,,25.0,15.0,114.0,4.56,,,,,,,,,,,,,1.0,,,,1.0,,,,8.0,,,,,,,,,,6.0,,1.0,,,,,,,,,,,,,,,,,,,,,,,,,,,,,,,,,,,,,,,,,,,,,,,,,,,,,,,,,1.0,-5.0,1.0,8.0,1.0,1.0,,,,,,,,,,,,,,,,,,,,,,,,,,,,,,,,,,,,,,,,,,
202510911,MIN,8148,2025,DET,9,1.0,13.0,18.0,11.0,2.0,4.0,1.0,1.0,14.6,16.6,12.6,4.0,2.0,,44.0,2.0,37.0,6.0,22.0,66.0,16.5,11.0,66.0,,,,,,,,,,,,,,,,,,,,,,,,,,,,,,,,,,,,,,,,,,,,1.0,,,,1.0,,,,,,,,,1.0,,1.0,,,,2.0,,,,,,,1.0,,,,,,,,,,,,,,,,,,,10.0,,,,,,,,,,,,,,,,,,1.0,1.0,37.0,,,,,,,,,,,,,,,,,,,,,,,,,,,,,,,,,,,,,,,
202510904,KC,10236,2025,BUF,9,1.0,3.0,3.0,3.0,,,1.0,,19.1,22.1,16.1,6.0,1.0,3.0,48.0,3.0,47.0,6.0,53.0,101.0,16.83,16.83,101.0,3.0,6.0,,,,,,,,,,,,,,,,,,,,,,,,,,,,,,,,,,,,,,,,,,1.0,,,,,,,,,,,,1.0,,,,,,,,,,,,,,,,,,,,,,,,,,,,,,,,,,,,,,,,,,,,,1.0,,,,,,,1.0,23.0,1.0,1.0,1.0,,,,,,,,,,,,,,,,,,,,,,,,,,,,,,,,,,,,
202510921,ATL,11564,2025,NE,9,1.0,15.0,15.0,15.0,,,1.0,1.0,17.36,17.36,17.36,,,,,,,,,,,,20.0,,,,2.0,1.0,279.0,,8.0,12.0,20.0,2.5,,,,,,,,,,,,,,1.0,148.0,38.0,,13.63,58.0,102.5,2.0,,29.0,5.0,6.0,19.0,65.52,8.93,12.0,259.0,1.0,2.0,,14.0,17.0,10.0,,,,,,,,,,,,,,,,,,,,,,,,,,,,,,,,,,,,,,,,,,,,,,,,,,,,,,,,,,,,,,,,,,1.0,,,,,,,,,,,,,,,,,,,,,,,,,,,,,,,,,,,
202510925,LV,11631,2025,JAX,9,1.0,40.0,41.0,41.0,2.0,3.0,1.0,1.0,7.0,8.5,5.5,3.0,2.0,,30.0,2.0,34.0,5.0,25.0,55.0,18.33,11.0,55.0,,,,,,,,,,,,,,,,,,,,,,,,,,,,,,,,,,,,,,,,,,,,,,,,,,,,,,,,,,,,,,,,,,,,,,,,,,,,,,,,,,,,,,,,,,,,,,,,,,,,,,,,,,,1.0,,,,,,,,,,,,,,,,,,,,,,,,,,,,,,,,,,,,,,,,,
202510913,DEN,12474,2025,HOU,9,1.0,42.0,44.0,41.0,,,1.0,,2.7,2.7,2.7,,,,,,,3.0,,,,,27.0,,,,,,27.0,,10.0,7.0,27.0,2.7,,,,,,,,,,,,,,,,,,,,,,,,,,,,,,,1.0,,,,,,,,,,,,,,,,,,,,,,,,,,,,,,,,,,,,,,,,,,,,,,,,,,,,,,,,,,,,,,,,,,,,,,,,,,,,,,,,,,,,,,,,,,,,,,,,,,,,,,,,,,
202510904,BUF,10229,2025,KC,9,1.0,9.0,11.0,8.0,5.0,4.0,1.0,1.0,16.6,18.6,14.6,4.0,,1.0,54.0,4.0,29.0,7.0,26.0,80.0,20.0,11.43,86.0,,,,,,6.0,,2.0,3.0,6.0,3.0,,,,,,,,,,,,,3.0,,,,1.0,,,,1.0,,,,,,,,,,1.0,,1.0,,,,,,,,,,,,3.0,,,,,,,,,,,,,,,,,,,,,,,,,,,,,,,,,,,,,,,,,,,,,,,,,,,,,,,,,,,,,,,,,,,,,,,,,,,,,,,,,,,,,,,,,,,,
202510925,LV,12530,2025,JAX,9,1.0,999.0,999.0,999.0,,,,,,,,,,,,,,,,,,,,,,,,,,,,,,,,,,,,,,,,,,,,,,,,,,,,,,,,,,,,,,,,,,,,,,,,,,,,,,,,,,,,,,,,,,,,,,,,,,,,,,,,,,,,,,,,,,,,,,,,,,,,,,,,,,,,,,,,,,,,,,,,,,,,,,,,,,,,,,,,,,,,,,,
202510925,JAX,10213,2025,LV,9,1.0,49.0,48.0,50.0,2.0,3.0,1.0,1.0,5.3,6.8,3.8,3.0,1.0,1.0,19.0,2.0,22.0,4.0,19.0,38.0,12.67,9.5,38.0,,,,,,,,,,,,,,,,,,,,,,,,,,,,,,,,,,,,,,,,,,,,,,,,,,,,,,,,1.0,,,,,,,,,,,,,,,,,,,,,,,,,,,,,,,,,,,,,,,,,,,,,,,,,,,,,,,,,,,,,,,,,,,,,,,,,,,,,,,,,,,,,,,,,,,,
202510913,DEN,3451,2025,HOU,9,1.0,999.0,999.0,999.0,,,1.0,,17.0,17.0,17.0,,,,,,,,,,,,,,,,,,,,,,,,6.0,5.0,1.0,,,41.0,83.33,183.0,40.0,15.0,,,,,,,,,,,,,,,,,,,,,,,,,,,,,,,,,,,,,,,,,,,,,,,,,,,,,,,,,,,,,,,,,,,,,,,,,,,,,,,,,,,,,,,,,,,,,1.0,3.0,1.0,1.0,1.0,,,,,,,,,,,,,,,,,,,,,,,,,,,,,,
202510913,HOU,12489,2025,DEN,9,1.0,9.0,11.0,11.0,,,1.0,,14.1,16.6,11.6,5.0,1.0,1.0,7.0,1.0,27.0,5.0,44.0,51.0,10.2,10.2,56.0,,,5.0,,,5.0,2.0,2.0,3.0,5.0,2.5,,,,,,,,,,,,,,,,,,,,,,,,,,,,,,,,,1.0,,,,,,,,,,28.0,,1.0,,27.0,,2.0,54.0,,,,,,,,,,,,,,,,,,,,,,,,,,,,,,,,,,,,,,,,,,,1.0,,,,1.0,27.0,,,,,,,,,,,,,,,,,,,,,,,,,,,,,,,,,,,,,,,
202510912,CAR,12501,2025,GB,9,1.0,74.0,69.0,75.0,,2.0,1.0,,1.9,2.9,0.9,2.0,,1.0,,,6.0,3.0,9.0,9.0,4.5,3.0,9.0,,,,,,,1.0,,,,,,,,,,,,,,,,,,,,,,,,,,,,,,,,,,,,,,,,,,,,,,,,,,,,,,,,,,,,,,,,,,,,,,,,,,,,,,,,,,,,,,,,,,,,,,,,,,,,,,,,,,,,,,,,,,,,,,,,,,,,,,,,,,,,,,,,,,,,,
202510925,LV,9487,2025,JAX,9,1.0,19.0,16.0,24.0,4.0,8.0,1.0,,13.0,17.0,9.0,8.0,3.0,4.0,80.0,4.0,22.0,9.0,10.0,90.0,11.25,10.0,90.0,,,,,,,,,,,,,,,,,,,,,,,,,,,,,,,,,,,,,,,,,,,,,,,,,,,,,,,1.0,1.0,,,,,,4.0,,4.0,4.0,,,,,,,,,,,,,,,,,,,,,,,,,,,,,,,,,,,,,,,,,,,,,,,,,,,,,,,,,,,,,,,,,,,,,,,,,,,,,,,,,,,
202510919,MIA,9997,2025,BAL,9,1.0,30.0,29.0,33.0,2.0,5.0,1.0,1.0,8.9,11.4,6.4,5.0,1.0,2.0,36.0,2.0,39.0,5.0,28.0,64.0,12.8,12.8,64.0,,,,,,,1.0,,,,,,,,,,,,,,,,,,,,,,,,,,,,,,,,,,,,,,,,,1.0,64.0,24.0,56.0,46.0,,,,,,,,,,,,,,,,,,,,,,,,,,,,,,,,,,,,,,,,,,,,,,,,,,,,,,,1.0,,,,,,,,,,,,,,,,,,,,,,,,,,,,,,,,,,,,,,,,,
202510907,CHI,9224,2025,CIN,9,1.0,8.0,6.0,15.0,,,1.0,1.0,15.2,19.2,11.2,8.0,3.0,2.0,5.0,4.0,21.0,14.0,70.0,75.0,9.38,5.36,112.0,,,8.0,,,37.0,2.0,11.0,12.0,37.0,3.36,,,,,,,,,,,,,,,,,,,,,3.0,,,,,,,,,,2.0,,,,,,1.0,,,,,,,,1.0,1.0,,1.0,,,,2.0,,,,,,,,,,,,,,,,,,,,,,,,,,,,,,,,,,,,,,1.0,-2.0,,7.0,1.0,,,,,,,,,,,,,,,,,,,,,,,,,,,,,,,,,,,,,,,,,,,
202510925,LV,9480,2025,JAX,9,1.0,999.0,999.0,999.0,,,,,,,,,,,,,,,,,,,,,,,,,,,,,,,,,,,,,,,,,,,,,,,,,,,,,,,,,,,,,,,,,,,,,,,,,,,,,,,,,,,,,,,,,,,,,,,,,,,,,,,,,,,,,,,,,,,,,,,,,,,,,,,,,,,,,,,,,,,,,,,,,,,,,,,,,,,,,,,,,,,,,,,
202510911,MIN,10859,2025,DET,9,1.0,4.0,4.0,4.0,,,1.0,1.0,18.7,21.7,15.7,6.0,3.0,2.0,40.0,3.0,40.0,8.0,57.0,97.0,16.17,12.13,97.0,3.0,6.0,,,,,,,,,,,,,,,,,,,,,,,,,,,,,,,,,,,,,,,,,,1.0,,,,,,,,,,,,,,,,,,,,,,,,,,1.0,,,,,,,,,,,,,,,,,,,5.0,,,,,,,,,,,,,,,,,,,1.0,40.0,,1.0,1.0,,,,,,,1.0,,,,,,,,,,,,,,,,,,,,,,,,,,,,,
202510907,CIN,11620,2025,CHI,9,1.0,999.0,999.0,999.0,,,1.0,1.0,,,,,,,,,,3.0,,,,,,,,,,,,,,,,,,,,,,,,,,,,,,,,,,,,,,,,,,,,,,,,,,,,,1.0,,,,,,,,,,,,,,,,,,,,,,,,,,,,,,,,,,,,,,,,,,,,,,,,,,,,,,,,,,,,,,,,,,,,,,,,,,,,,,,,,,,,,,,,,,,,,,,,,,,,
202510934,TEN,11647,2025,LAC,9,1.0,41.0,42.0,39.0,,,1.0,1.0,3.0,3.0,3.0,,,,,,,1.0,,,,,30.0,,,,1.0,,30.0,,12.0,7.0,30.0,2.5,,,,,,,,,,,,,,,,,,,,,1.0,,,,,,,,,,1.0,,,,,,1.0,,,,,,,,,,,,,,,,,,,,,,,,,,,,,,,,,,,,,,,,,,,,,,,,,,,,,,-2.0,,1.0,1.0,,,,,,,,,,,,,,,,,,,,,,,,,,,,,,,,,,,,,,,,,,,
202510913,DEN,HOU,2025,HOU,9,,999.0,999.0,999.0,,,1.0,,6.0,6.0,6.0,,,,,,,,,,,,,,,,,,,,,,,,,,,,,,,,,,,,,,,,,,,,,,,,,,,,,,,,,,,,,,,,,,,,,,,,,,,,,,1.0,4.0,8.0,62.0,4.0,28.0,85.0,18.0,4.0,3.0,2.0,15.5,,28.33,1.0,1.0,45.0,1.0,,271.0,4.0,3.0,36.0,29.0,5.0,19.52,22.9,4.0,7.0,4.5,54.0,26.0,76.02,,26.1,,,,,,,,,,,,,,,,,,,,2.0,1.0,1.0,,,,,,,,,,,,,,,,,,,,,,,,,,
202510935,WAS,9753,2025,SEA,9,1.0,34.0,35.0,32.0,,,1.0,,5.1,5.6,4.6,1.0,,,5.0,1.0,21.0,1.0,16.0,21.0,21.0,21.0,46.0,,,1.0,,,25.0,,8.0,9.0,25.0,3.13,,,,,,,,,,,,,,,,,,,,,1.0,,,,,,,,,,,,,,,,,,,,,,,,1.0,,,,,,,,,,,,,,,,,,,,,,,,,,,,,,,,,,,,,,,,,,,,,,-4.0,,2.0,1.0,,,,,,,,,,,,,,,,,,,,,,,,,,,,,,,,,,,,,,,,,,,
202510934,TEN,12507,2025,LAC,9,1.0,999.0,999.0,999.0,,,,,,,,,,,,,,,,,,,,,,,,,,,,,,,,,,,,,,,,,,,,,,,,,,,,,,,,,,,,,,,,,,,,,,,,,,,,,,,,,,,,,,,,,,,,,,,,,,,,,,,,,,,,,,,,,,,,,,,,,,,,,,,,,,,,,,,,,,,,,,,,,,,,,,,,,,,,,,,,,,,,,,,
202510925,LV,11786,2025,JAX,9,1.0,999.0,999.0,999.0,,,1.0,,15.0,15.0,15.0,,,,,,,,,,,,,,,,,,,,,,,,3.0,3.0,1.0,,1.0,68.0,100.0,149.0,59.0,12.0,3.0,3.0,,,,,,,,,,,,,,,,,,,,,,,,,,,,,,,,,,,,,,,,,,,,,,,,,,,,,,,,,,,,,,,,,,,,,,,,,,,,,,,,,,,,,,,,,,,,1.0,,,,,,,,1.0,,,,,,,,,,,,,,,,,,,,,,,,,
202510904,KC,4984,2025,BUF,9,1.0,3.0,3.0,3.0,,,1.0,1.0,28.82,28.82,28.82,,,,,,,,,,,,19.0,,,,,,292.0,,6.0,11.0,19.0,3.17,,,,,,,,,,,,,1.0,,104.0,10.0,2.0,11.87,47.0,123.2,2.0,,26.0,,3.0,23.0,88.46,10.5,12.0,273.0,2.0,1.0,2.0,14.0,23.0,3.0,,,,,,,,,,,,,,,,,,,,,,,,,,,,,,,,,,,,,,,,,,,,,,,,,,,,,,,,,,,,,,,,,,1.0,,,,,,,,,,,,,,,,,,,,,,,,,,,,,,,,,,,
202510907,CHI,4147,2025,CIN,9,1.0,59.0,60.0,57.0,,,1.0,,0.5,0.5,0.5,,,,,,,,,,,,5.0,,,,,,5.0,,1.0,5.0,5.0,5.0,,,,,,,,,,,,,,,,,,,,,,,,,,,,,,,,,,,,,,,,,,,38.0,,,,31.5,,2.0,63.0,,,,,,,,,,,,,,,,,,,,,,,,,,,,,,,,,,,,,,,,,,,,,,,,,,,,,,,,,,,,,,,,,,,,,,,,,,,,,,,,,,,,,,,
202510934,TEN,9754,2025,LAC,9,1.0,18.0,21.0,16.0,1.0,4.0,1.0,1.0,13.3,15.3,11.3,4.0,1.0,2.0,42.0,1.0,23.0,5.0,11.0,53.0,13.25,10.6,53.0,,,,,,,,,,,,,,,,,,,,,,,,,,,,,,,,,,,,,,,,,,,,1.0,,,,2.0,,,,,,,,1.0,,,,,,,,,,,,,,,,,,,,,,,,,,,,,,,,,,,,,,,,,,,,,,,,,,,,1.0,19.0,,,,,,,,,,,,,,,,,,,,,,,,,,,,,,,,,,,,,,,
202510911,MIN,DET,2025,DET,9,,999.0,999.0,999.0,,,1.0,,7.0,7.0,7.0,,,,,,,,,,,,,,,,,,,,,,,,,,,,,,,,,,,,,,,,,,,,,,,,,,,,,,,,,,,,,,,,,,,,,,,,,,,,,,5.0,9.0,4.0,15.0,10.0,19.0,170.0,27.0,2.0,11.0,3.0,7.5,,28.33,1.0,,13.0,1.0,1.0,258.0,10.0,6.0,39.0,76.0,2.0,19.92,27.7,7.0,3.0,9.1,51.0,32.0,84.22,3.0,16.5,,,,,,,,,,,,,,,,,,,,27.0,,,,1.0,1.0,,,,,,,,,,,,,,,,,,,,,,,
202510925,JAX,12527,2025,LV,9,1.0,5.0,5.0,6.0,,,1.0,1.0,17.4,19.9,14.9,5.0,3.0,1.0,-19.0,2.0,15.0,5.0,66.0,47.0,9.4,9.4,89.0,,,5.0,,,42.0,1.0,13.0,13.0,42.0,3.23,,,,,,,,,,,,,,,,,,,,,3.0,,,,,,,,,,3.0,,1.0,,,,1.0,,,,,,,,,,,,,,,,,,,,,,,,,,,,,,,,,,,,,,,,,,,,,,,,,,,,,,-3.0,,5.0,3.0,,,1.0,15.0,,,,,,,,,,,,,,,,,,,,,,,,,,,,,,,,,,,,,,,
202510923,NYG,4454,2025,SF,9,1.0,54.0,56.0,51.0,2.0,2.0,1.0,1.0,4.4,5.4,3.4,2.0,1.0,,30.0,2.0,21.0,2.0,4.0,34.0,17.0,17.0,34.0,,,,,,,,,,,,,,,,,,,,,,,,,,,,,,,,,,,,,,,,,,,,,,,,,,,,,,,,1.0,,,,,,,,,,,,,,,,,,,,,,,,,,,,,,,,,,,,,,,,,,,,,,,,,,,,,,,,,,,,,,,,,,,,,,,,,,,,,,,,,,,,,,,,,,,,
202510923,NYG,4217,2025,SF,9,1.0,28.0,26.0,30.0,,,1.0,1.0,4.9,6.9,2.9,4.0,2.0,1.0,21.0,2.0,11.0,4.0,11.0,32.0,8.0,8.0,29.0,2.0,4.0,,,,-3.0,1.0,1.0,-3.0,-3.0,-3.0,,,,,,,,,,,,,,,,,,,,,,,,,,,,,,,1.0,,,,,,1.0,,,,,,,,,,,,,,,,,,,,,,,,,,,,,,,,,,,,,,,,,,,,,,,,,,,,,,-3.0,,,1.0,,,,,,,,,,,,,,,,,,,,,,,,,,,,,,,,,,,,,,,,,,,
202510928,PIT,5870,2025,IND,9,1.0,16.0,16.0,16.0,,,1.0,1.0,17.08,17.08,17.08,,,,,,,,,,,,4.0,,,,3.0,2.0,346.0,,3.0,2.0,4.0,1.33,,,,,,,,,,,,,1.0,3.0,254.0,29.0,1.0,11.03,36.0,63.9,1.0,,50.0,7.0,5.0,31.0,62.0,6.84,16.0,342.0,1.0,1.0,1.0,17.0,,19.0,,,,,,,,,,1.0,,1.0,,,,2.0,,,,,,,,,,,,,,,,,,,,,,,,,,,,,,,,,,,,,,,,,,,,,,,,1.0,,,,,,,,,,,,,,,1.0,1.0,,,,,,,,,,,,,,,,,,,,,
202510907,CHI,7564,2025,CIN,9,1.0,16.0,15.0,17.0,6.0,6.0,1.0,1.0,14.1,17.1,11.1,6.0,3.0,1.0,63.0,6.0,36.0,8.0,48.0,111.0,18.5,13.88,111.0,,,,,,,,,,,,,,,,,,,,,,,,,,,,,,,,,,,,,,,,,,,,,,,,2.0,,,,,,,,1.0,,,,,,,,,,,,,,,,,,,,,,,,,,,,,,,,,,,,,,,,,,,,,1.0,,,,,,1.0,,,1.0,,,,,,,,,,,,,,,,,,,,,,,,,,,,,,,,,,,,,,
202510907,CHI,7839,2025,CIN,9,1.0,999.0,999.0,999.0,,,1.0,,10.0,10.0,10.0,,,,,,,,,,,,,,,,,,,,,,,,3.0,2.0,1.0,,,41.0,66.67,74.0,14.0,10.0,4.0,4.0,,,,,,,,,,,,,,,,,,,,,,,,,,,,,,,,,,,,,,,,,,,,,,,,,,,,,,,,,,,,,,,,,,,,,,,,,,,,,,,,,,,,,,,,,,,,1.0,1.0,1.0,1.0,,,,,,,,,,,,,,,,,,,,,,,,,,,,,,
202510928,IND,8228,2025,PIT,9,1.0,7.0,9.0,7.0,,,1.0,1.0,15.9,16.9,14.9,2.0,,,-7.0,,,2.0,5.0,-2.0,-1.0,-1.0,29.0,,,2.0,,,31.0,1.0,16.0,8.0,31.0,1.94,,,,,,,,,,,,,2.0,,,,2.0,,,,1.0,,,,,,,,,,5.0,,2.0,,,,,,,,,,,,,,,,,,,,,,,,,,,,,,,,,,,,,,,,,,,,,,,,,,,,,,,,,,-3.0,,1.0,2.0,,,,,,,,,,,,,,,,,,,,,,,,,,,,,,,,,,,,,,,,,,,
202510932,NO,9493,2025,LAR,9,1.0,5.0,5.0,7.0,2.0,7.0,1.0,1.0,19.3,22.8,15.8,7.0,2.0,4.0,72.0,1.0,39.0,8.0,23.0,95.0,13.57,11.88,98.0,,,,,,3.0,,1.0,3.0,3.0,3.0,,,,,,,,,,,,,,,,,,,,,1.0,,,,,,,,,,1.0,,1.0,,,,2.0,,,,,,,,,,,,,,,,,,,,,,,,,,,,,,,,,,,,,,,,,,,,,,,,,,,,,,,,,,,1.0,1.0,39.0,,,,,,,,,,,,,,,,,,,,,,,,,,,,,,,,,,,,,,,
202510932,NO,2133,2025,LAR,9,1.0,4.0,3.0,4.0,3.0,5.0,1.0,1.0,20.5,23.0,18.0,5.0,,,52.0,3.0,29.0,7.0,8.0,60.0,12.0,8.57,60.0,,,,,,,3.0,,,,,,,,,,,,,,,,,,,,,,,,,,,,,,,,,,,,,2.0,,,,3.0,,,,,,,,2.0,,,,,,,,,,,,,,,,,,,,,,,,,,,,,,,,,,,,,,,,,,,,,,,,,,,,2.0,4.0,,,,,,,,,,,,,,,,,,,,,,,,,,,,,,,,,,,,,,,
202510928,IND,PIT,2025,PIT,9,,999.0,999.0,999.0,,,1.0,,19.0,19.0,19.0,,,,,,,,,,,,,,,,,,,,,,,,,,,,,,,,,,,,,,,,,,,,,,,,,,,,,,,,,,,,,,,,,,,,,,,,,,,,,,5.0,6.0,2.0,23.0,8.0,28.0,74.0,20.0,2.0,12.0,4.0,11.5,3.0,24.67,,1.0,15.0,3.0,,368.0,6.0,3.0,30.0,46.0,1.0,17.08,55.4,5.0,13.0,7.6,66.0,38.0,103.08,3.0,11.0,,,,,,,,,,,,,,,,,,,,29.0,1.0,,,,,,,1.0,21.0,2.0,,,,,,,,,,,,,,,,,,
202510925,JAX,11604,2025,LV,9,1.0,1.0,1.0,1.0,,,1.0,1.0,37.3,43.3,31.3,12.0,3.0,5.0,69.0,4.0,27.0,13.0,58.0,127.0,10.58,9.77,133.0,4.0,12.0,,,,6.0,2.0,1.0,6.0,6.0,6.0,,,,,,,,,,,,,,,,,,,,,,,,,,,,,,,,,3.0,,,,5.0,,,,,,,,2.0,,,,,,,,,,,,,,,,,,,,,,,,,,,,,,,,,,,,,,,,,,,,,1.0,,,,,,,3.0,27.0,1.0,1.0,,,,,,,,,,,,,,,,,,,,,,,,,,,,,,,,,,,,,
202510904,BUF,11624,2025,KC,9,1.0,53.0,54.0,53.0,1.0,3.0,1.0,1.0,4.5,6.0,3.0,3.0,1.0,1.0,20.0,1.0,18.0,7.0,3.0,23.0,7.67,3.29,30.0,,,,,,7.0,,1.0,7.0,7.0,7.0,,,,,,,,,,,,,,,,,,,,,,,,,,,,,,,,,,,,,,,,,,,,,,1.0,,1.0,,,,2.0,,,,,,,,,,,,,,,,,,,,,,,,,,,,,,,,,,,,,,,,,,,,,,,,,,,,,,,,,,,,,,,,,,,,,,,,,,,,,,,,,,,,,
202510904,KC,8138,2025,BUF,9,1.0,13.0,13.0,9.0,,,1.0,1.0,13.0,13.5,12.5,1.0,1.0,,2.0,1.0,11.0,1.0,9.0,11.0,11.0,11.0,125.0,,,1.0,,,114.0,,27.0,17.0,114.0,4.22,,,,,,,,,,,,,,,,,,,,,4.0,,,,,,,,,,3.0,,,,,,,,,,,,,,,,,,,,,,,,,,,,,,,,,,,,,,,,,,,,,,,,,,,,,,,,,,,1.0,-4.0,1.0,5.0,1.0,1.0,,,,,,,,,,,,,,,,,,,,,,,,,,,,,,,,,,,,,,,,,,
202510911,DET,8408,2025,MIN,9,1.0,38.0,37.0,36.0,,,1.0,,4.2,4.7,3.7,1.0,,,,,1.0,1.0,1.0,1.0,1.0,1.0,37.0,,,1.0,,,36.0,1.0,10.0,13.0,36.0,3.6,,,,,,,,,,,,,,,,,,,,,1.0,,,,,,,,,,4.0,,,,,,1.0,,,,,,,,,,,,,,,,,,,,,,,,,,,,,,,,,,,,,,,,,,,,,,,,,,,,,,-1.0,,1.0,1.0,,,,,,,,,,,,,,,,,,,,,,,,,,,,,,,,,,,,,,,,,,,
202510919,BAL,6768,2025,MIA,9,1.0,23.0,23.0,23.0,,,1.0,1.0,9.54,9.54,9.54,,,,,,,,,,,,1.0,,,,,,262.0,,1.0,1.0,1.0,1.0,,,,,,,,,,,,,,1.0,120.0,16.0,,10.44,28.0,70.9,,,40.0,3.0,2.0,25.0,62.5,6.53,12.0,261.0,,,,12.0,,15.0,,56.0,24.0,64.0,64.0,,,,,,,,,,,,,,,,,,1.0,,,,,,,,,,,,,,,,,,,10.0,,,,,,,,,,,,,,,,,,,,,,,,,,,,,,,,,,,,,1.0,,,,,,,,,,,,,,,,,,,,,,
202510911,MIN,9221,2025,DET,9,1.0,37.0,33.0,40.0,,,1.0,1.0,4.3,5.8,2.8,3.0,,1.0,-12.0,,6.0,3.0,15.0,3.0,1.0,1.0,28.0,,,3.0,,,25.0,,9.0,7.0,25.0,2.78,,,,,,,,,,,,,,,,,,,,,,,,,,,,,,,2.0,,,,,,,,,,,,,,,,,,,,,,,,,,,,,,,,,,,,,,,,,,,,,,,,,,,,,,,,,,,,-2.0,,,1.0,,,,,,,,,,,,,,,,,,,,,,,,,,,,,,,,,,,,,,,,,,,
202510911,DET,9756,2025,MIN,9,1.0,38.0,42.0,34.0,3.0,2.0,1.0,1.0,7.4,8.4,6.4,2.0,1.0,,48.0,2.0,31.0,4.0,,48.0,24.0,12.0,64.0,,,,,,16.0,,1.0,16.0,16.0,16.0,,,,,,,,,,,,,,,,,,,,,1.0,,,,,,,,,,,,,,,,,,,,,,,,,,,,,,,,,,,,,,,,,,,,,,,,,,,,,,,,,,,,,,,,,,,,,,,,,,,1.0,,,,,,,,,,,,,,,,,,,,,,,,,,,,,,,,,,,,,,,,,
202510907,CIN,12534,2025,CHI,9,1.0,3.0,3.0,3.0,,,1.0,1.0,21.3,22.8,19.8,3.0,2.0,,-8.0,2.0,11.0,5.0,30.0,22.0,7.33,4.4,198.0,,,3.0,,,176.0,1.0,26.0,39.0,176.0,6.77,,,,,,,,,,,,,,,,,,,,,6.0,,,,,,,,,,8.0,,,,,,,,,,,,,,,,,,,,,,,,,,,,,,,,,,,,,,,,,,,,,,,,,,,,,,,,,,,1.0,,1.0,8.0,,1.0,,,,,,,,,,,,,,,,,,,,,,,,,,,,,,,,,,,,,,,,,,
202510935,WAS,SEA,2025,SEA,9,,999.0,999.0,999.0,,,1.0,,8.0,8.0,8.0,,,,,,,,,,,,,,,,,,,,,,,,,,,,,,,,,,,,,,,,,,,,,,,,,,,,,,,,,,,,,,,,,,,,,,,,,,,,,,4.0,7.0,4.0,,5.0,50.0,58.0,14.0,,2.0,2.0,,,19.33,1.0,1.0,,1.0,1.0,290.0,-1.0,3.0,29.0,44.0,1.0,16.22,15.7,5.0,3.0,12.6,79.0,29.0,64.12,5.0,17.6,,,,,,,,,,,,,,,,,,,,20.0,1.0,,,,,,,,,,1.0,1.0,,,,,,,,,,,,,,,,
202510923,SF,11655,2025,NYG,9,1.0,33.0,32.0,35.0,,,1.0,1.0,5.2,6.7,3.7,3.0,1.0,1.0,-6.0,2.0,10.0,4.0,25.0,19.0,6.33,4.75,37.0,,,3.0,,,18.0,1.0,5.0,11.0,18.0,3.6,,,,,,,,,,,,,,,,,,,,,1.0,,,,,,,,,,,,,,,,,,,,,,,,,,,,,,,,,,,,,,,,,,,,,,,,,,,,,,,,,,,,,,,,,,,,,,,,3.0,,,,,,,,,,,,,,,,,,,,,,,,,,,,,,,,,,,,,,,,,,,,
202510928,PIT,5230,2025,IND,9,1.0,999.0,999.0,999.0,,,1.0,,12.0,12.0,12.0,,,,,,,,,,,,,,,,,,,,,,,,2.0,2.0,,2.0,2.0,53.0,100.0,105.0,45.0,8.0,2.0,2.0,,,,,,,,,,,,,,,,,,,,,,,,,,,,,,,,,,,,,,,,,,,,,,,,,,,,,,,,,,,,,,,,,,,,,,,,,,,,,,,,,,,,,,,,,,,,,,,,,,,,,,,,,,,,,,,,,,,,,,,,,,,,,
202510934,LAC,12540,2025,TEN,9,1.0,41.0,46.0,32.0,,1.0,1.0,1.0,7.0,7.5,6.5,1.0,,1.0,-4.0,,5.0,3.0,9.0,5.0,5.0,1.67,5.0,,,,,,,,,,,,,,,,,,,,,,,,,,,,,,,,,,,,,,,,,,,,1.0,,,,1.0,,,,,,31.0,3.0,,,29.25,,4.0,117.0,32.67,,67.0,98.0,,,,,,,,,,,,,,,,,,,,,,,,,,,,,,,,,,,,,,,,,,,,,,,,,,,,,,,,,,,,,,,,,,,,1.0,,,,,,,,,,,,,,,
202510934,TEN,1479,2025,LAC,9,1.0,50.0,51.0,49.0,2.0,2.0,1.0,1.0,5.1,6.1,4.1,2.0,1.0,,26.0,2.0,31.0,5.0,15.0,41.0,20.5,8.2,41.0,,,,,,,,,,,,,,,,,,,,,,,,,,,,,,,,,,,,,,,,,,,,,,,,,,,,,,,,,,,,,,,,,,,,,,,,,,,,,,,,,,,,,,,,,,,,,,,,,,,,,,,,,,,1.0,,,,,,,,,,,,,,,,,,,,,,,,,,,,,,,,,,,,,,,,,
202510928,IND,4144,2025,PIT,9,1.0,31.0,31.0,34.0,,,1.0,1.0,4.0,5.5,2.5,3.0,1.0,2.0,3.0,1.0,12.0,5.0,22.0,25.0,8.33,5.0,25.0,1.0,3.0,,,,,,,,,,,,,,,,,,,,,,,,,,,,,,,,,,,,,,,,,,,,,,1.0,,,,,,,,,,,,,,,,,,,,,,,,,,,,,,,,,,,,,,,,,,,,,,,,,,,,,,,,,,,,,,,,,,,,,,,,,,,,,,,,,,,,,,,,,,,,,,,,,,,,
202510923,NYG,7049,2025,SF,9,1.0,23.0,24.0,19.0,1.0,4.0,1.0,1.0,12.1,14.1,10.1,4.0,1.0,1.0,24.0,1.0,20.0,5.0,17.0,41.0,10.25,8.2,41.0,,,,,,,1.0,,,,,,,,,,,,,,,,,,,,,,,,,,,,,,,,,,,,,1.0,,,,3.0,,,,,,,,1.0,,,,,,,,,,,,,,,,,,,,,,,,,,,,,,,,,,,,,,,,,,,,,,,,,,,,1.0,11.0,,,,,,,,,,,,,,,,,,,,,,,,,,,,,,,,,,,,,,,
202510912,CAR,6804,2025,GB,9,1.0,22.0,22.0,22.0,,,1.0,1.0,10.02,10.02,10.02,,,,,,,,,,,,1.0,,,,,,274.0,,1.0,1.0,1.0,1.0,,,,,,,,,,,,,,1.0,172.0,8.0,,10.5,52.0,80.1,,,37.0,6.0,1.0,26.0,70.27,7.38,13.0,273.0,,,,13.0,,11.0,,,,,,,,,,,,,,,,,,,,,,,,,,,,,,,,,,,,,,,,,,,,,,,,,,,,,,,,,,,,,,,,,,1.0,,,,,,,,,,,,,1.0,,,,,,,,,,,,,,,,,,,,,,
202510921,NE,7090,2025,ATL,9,1.0,72.0,75.0,70.0,1.0,1.0,1.0,1.0,2.0,2.5,1.5,1.0,1.0,,15.0,1.0,15.0,2.0,,15.0,15.0,7.5,15.0,,,,,,,,,,,,,,,,,,,,,,,,,,,,,,,,,,,,,,,,,,,,,,,,,,,,,,,,,,,,,,,,,,,,,,,,,,,,,,,,,,,,,,,,,,,,,,,,,,,,,,,,,,,,,,,,,,,,,,,,,,,,,,,,,,,,,,,,,,,,,,,,,,,,
202510935,WAS,8151,2025,SEA,9,1.0,27.0,26.0,27.0,,,1.0,1.0,7.1,8.1,6.1,2.0,1.0,1.0,2.0,1.0,14.0,2.0,17.0,19.0,9.5,9.5,61.0,,,2.0,,,42.0,,11.0,12.0,42.0,3.82,,,,,,,,,,,,,,,,,,,,,2.0,,,,,,,,,,3.0,,,,,,,,,,,,,,,,,,,,,,,,,,,,,,,,,,,,,,,,,,,,,,,,,,,,,,,,,,,,-1.0,,3.0,1.0,,,,,,,,,,,,,,,,,,,,,,,,,,,,,,,,,,,,,,,,,,,
202510934,TEN,8259,2025,LAC,9,1.0,999.0,999.0,999.0,,,1.0,,11.0,11.0,11.0,,,,,,,,,,,,,,,,,,,,,,,,2.0,2.0,,1.0,1.0,52.0,100.0,79.0,22.0,9.0,3.0,3.0,,,,,,,,,,,,,,,,,,,,,,,,,,,,,,,,,,,,,,,,,,,,,,,1.0,,,,,,,,,,,,,,,,,,,,,,,,,,,,,,,,,,,,,,,,,,,,1.0,,,,,,,,,,,,,,,,,,,,1.0,,,,,,,,,,,,,,
202510919,MIA,BAL,2025,BAL,9,,999.0,999.0,999.0,,,1.0,,17.0,17.0,17.0,,,,,,,,,,,,,,,,,,,,,,,,,,,,,,,,,,,,,,,,,,,,,,,,,,,,,,,,,,,,,,,,,,,,,,,,,,,,,,2.0,5.0,3.0,17.0,5.0,25.0,77.0,6.0,1.0,7.0,6.0,17.0,2.0,25.67,,,17.0,1.0,,332.0,1.0,3.0,30.0,56.0,1.0,9.54,27.3,3.0,4.0,9.9,60.0,35.0,72.24,4.0,18.5,,,,,,,,,,,,,,,,,,,,16.0,,,,,,,,,9.0,2.0,1.0,,,,1.0,1.0,11.0,,,,,,,,,,,
202510907,CHI,19,2025,CIN,9,1.0,2.0,2.0,2.0,,,1.0,1.0,32.7,32.7,32.7,,,,,,,,,,,,-1.0,,,,1.0,1.0,469.0,,1.0,-1.0,-1.0,-1.0,,,,,,,,,,,,,,2.0,287.0,21.0,,15.16,44.0,109.4,,,47.0,6.0,3.0,31.0,65.96,10.0,18.0,470.0,,4.0,,18.0,44.0,16.0,,,,,,,,,,,,,,,,,,,,,,,1.0,,,,,,,,,,,,,,,,,,,10.0,,,,,,,,,,,,,,,,,,,,,,,,1.0,,,,,,,,,,,,,1.0,,,,,,,,,,,,1.0,1.0,1.0,,,,,,,,
202510935,SEA,1339,2025,WAS,9,1.0,21.0,21.0,22.0,,,1.0,1.0,6.6,8.6,4.6,4.0,,2.0,42.0,2.0,25.0,4.0,4.0,46.0,11.5,11.5,46.0,2.0,4.0,,,,,1.0,,,,,,,,,,,,,,,,,,,,,,,,,,,,,,,,,,,,,,,,,,,,,,,,,1.0,,,,,,,,,,,,,,2.0,,,,,,,,,,,,,,,,,,,10.0,,,,,,,,,,,,,,,,,,,,,,,,,,,,,,,,,,,,,,,,,,,,,,,,,,,,,,,,,,,
202510912,GB,12526,2025,CAR,9,1.0,44.0,40.0,42.0,3.0,4.0,1.0,1.0,6.6,8.6,4.6,4.0,3.0,,45.0,3.0,16.0,6.0,1.0,46.0,11.5,7.67,46.0,,,,,,,1.0,,,,,,,,,,,,,,,,,,,,,,,,,,,,,,,,,,,,,,,,,1.0,,,,,,,,,,,,,,,,,,,,,,,,,,,,,,,,,,,,,,,,,,,,,,,,,,,,,,,,,,,,,,,,,,,,,,,,,,,,,,,,,,,,,,,,,,,,,,,,,,,,
202510907,CIN,2020,2025,CHI,9,1.0,999.0,999.0,999.0,,,1.0,,10.0,10.0,10.0,,,,,,,,,,,,,,,,,,,,,,,,3.0,2.0,1.0,,,36.0,66.67,60.0,6.0,11.0,5.0,5.0,,,,,,,,,,,,,,,,,,,,,,,,,,,,,,,,,,,,,,,,,,,,,,,,,,,,,,,,,,,,,,,,,,,,,,,,,,,,,,,,,,,,,,,,,,,1.0,,1.0,,,,,,,,1.0,,,,,,,,,,,,,,,,,1.0,,,,,,,
202510921,ATL,2449,2025,NE,9,1.0,24.0,27.0,20.0,1.0,3.0,1.0,1.0,11.3,12.8,9.8,3.0,1.0,1.0,30.0,1.0,21.0,4.0,8.0,38.0,12.67,9.5,38.0,,,,,,,,,,,,,,,,,,,,,,,,,,,,,,,,,,,,,,,,,,,,1.0,,,,1.0,,,,,,,,1.0,,,,,,,,,,,,,,,,,,,,,,,,,,,,,,,,,,,,,,,,,,,,,,,,,,,,1.0,11.0,,,,,,,,,,,,,,,,,,,,,,,,,,,,,,,,,,,,,,,
202510932,NO,421,2025,LAR,9,1.0,8.0,8.0,8.0,,,1.0,1.0,26.84,26.84,26.84,,,,,,,,,,,,-4.0,,,,,,277.0,,4.0,-1.0,-4.0,-1.0,,,,,,,,,,,,,,,176.0,14.0,,11.71,39.0,140.8,,,32.0,10.0,2.0,24.0,75.0,8.78,10.0,281.0,,4.0,,10.0,39.0,8.0,,,,,,,,,,,,,,,,,,,,,,,,,,,,,,,,,,,,,,,,,,,,,,,,,,,,,,,,,,,,,,,,,,,,,,,,,,,,,,,,,,,,,,,,,,,,,,,,,,,,,
202510911,MIN,5892,2025,DET,9,1.0,21.0,21.0,21.0,,,1.0,,10.0,11.0,9.0,2.0,1.0,,-6.0,1.0,13.0,4.0,16.0,10.0,5.0,2.5,50.0,,,2.0,1.0,1.0,40.0,,11.0,11.0,40.0,3.64,,,,,,,,,,,,,2.0,,,,1.0,,,,2.0,,,,,,,,,,2.0,,1.0,,,,1.0,,,,,,,,,,,,,,,,,,,,,,,,,,,,,,,,,,,,,,,,,,,,,,,,,,,,,,,,3.0,,,,,,,,,,,,,,,,,,,,,,,,,,,,,,,,,,,,,,,,,,,,
202510912,CAR,5850,2025,GB,9,1.0,4.0,4.0,5.0,,,1.0,1.0,18.0,20.0,16.0,4.0,,1.0,-2.0,,7.0,5.0,15.0,13.0,3.25,2.6,100.0,,,4.0,,,87.0,2.0,17.0,18.0,87.0,5.12,,,,,,,,,,,,,1.0,,,,1.0,,,,5.0,,,,,,,,,,3.0,,1.0,,,,1.0,,,,,,,,,,,,,,,,,,,,,,,,,,,,,,,,,,,,,,,,,,,,,,,,,,,,,1.0,-3.0,,5.0,1.0,,,,,,,,,,,,,,,,,,,,,,,,,,,,,,,,,,,,,,,,,,,
202510935,SEA,11566,2025,WAS,9,1.0,17.0,17.0,17.0,,,1.0,1.0,16.22,16.22,16.22,,,,,,,,,,,,51.0,,,,,,204.0,,10.0,12.0,51.0,5.1,,,,,,,,,,,,,1.0,1.0,82.0,20.0,1.0,9.56,25.0,72.7,1.0,,22.0,3.0,4.0,16.0,72.73,6.95,8.0,153.0,2.0,,1.0,9.0,,6.0,,,,,,,,,,,,,,,,,,,,,,,,,,,,,,,,,,,,,,,,,,,,,,,,,,,,,,,,,,,,,,,,,,,,,,,,,,,,,,,,,,,,,,,,,,,,,,,,,,,,,
202510919,BAL,7526,2025,MIA,9,1.0,25.0,23.0,27.0,4.0,6.0,1.0,1.0,11.2,14.2,8.2,6.0,2.0,1.0,66.0,4.0,24.0,9.0,16.0,82.0,13.67,9.11,82.0,,,,,,,1.0,,,,,,,,,,,,,,,,,,,,,,,,,,,,,,,,,,,,,,,,,1.0,56.0,24.0,64.0,51.0,,,,2.0,,,,,,,,,,,,,,,,,,,,,,,,,,,,,,,,,,,,,,,,,,,,,,,,,,,,,,,,,,,,,,,,,,,,,,,,,,,,,,,,,,,,,,,,,,,,
202510913,DEN,7569,2025,HOU,9,1.0,26.0,22.0,28.0,5.0,7.0,1.0,1.0,11.0,14.5,7.5,7.0,2.0,3.0,62.0,5.0,26.0,11.0,13.0,75.0,10.71,6.82,75.0,,,,,,,,,,,,,,,,,,,,,,,,,,,,,,,,,,,,,,,,,,,,,,,,1.0,,,,,,,,1.0,,,,,,,,,,,,,,,,,,,,,,,,,,,,,,,,,,,,,,,,,,,,,,,,,,,,,,,,,,,,,,,,,,,,,,,,,,,,,,,,,,,,,,,,,,,,
202510919,BAL,9226,2025,MIA,9,1.0,11.0,10.0,16.0,,,1.0,1.0,13.6,16.6,10.6,6.0,1.0,2.0,-7.0,1.0,19.0,10.0,46.0,39.0,6.5,3.9,106.0,,,6.0,,,67.0,3.0,14.0,22.0,67.0,4.79,,,,,,,,,,,,,,,,,,,,,4.0,,,,,,,,,,1.0,,,,,,1.0,56.0,24.0,64.0,58.0,18.0,,,,,,,,,,,,,,,,,,,,,,,,,,,,,,,,,,,,,,,,,,,,,,,,1.0,-5.0,,5.0,3.0,,,,,,,,,,,,,,,,,,,,,,,,,,,,,,,,,,,,,1.0,3.0,,,,,
202510921,ATL,NE,2025,NE,9,,999.0,999.0,999.0,,,1.0,,2.0,2.0,2.0,,,,,,,,,,,,,,,,,,,,,,,,,,,,,,,,,,,,,,,,,,,,,,,,,,,,,,,,,,,,,,,,,,,,,,,,,,,,,,1.0,4.0,5.0,15.0,2.0,16.0,79.0,23.0,2.0,4.0,5.0,7.5,1.0,26.33,1.0,,13.0,,2.0,288.0,12.0,3.0,31.0,15.0,3.0,22.74,41.3,2.0,5.0,7.8,41.0,25.0,94.04,3.0,18.2,,,,,,,,,,,,,,,,,,,,4.0,,,,,1.0,,,,,,1.0,,,,,,,,,,,,,,,,,
202510934,TEN,12493,2025,LAC,9,1.0,15.0,9.0,17.0,,,1.0,1.0,9.3,11.8,6.8,5.0,1.0,3.0,47.0,2.0,34.0,5.0,21.0,68.0,13.6,13.6,68.0,2.0,5.0,,,,,,,,,,,,,,,,,,,,,,,,,,,,,,,,,,,,,,,,,,,,,,1.0,,,,,,,,,,,,,,,,,,,,,,,,,,,,,,,,,,,,,,,,,,,,,,,,,,,,,,,,,,,1.0,,,,,,,,,,,,,,,,,,,,,,,,,,,,,,,,,,,,,,,,,
202510928,PIT,12518,2025,IND,9,1.0,27.0,24.0,31.0,,,1.0,,5.1,7.6,2.6,5.0,,3.0,13.0,1.0,9.0,7.0,13.0,26.0,5.2,3.71,26.0,1.0,5.0,,,,,2.0,,,,,,,,,,,,,,,,,,,,,,,,,,,,,,,,,,,,,,,,,3.0,,,,,,,,,,,,,,,,,,,,,,,,,,,,,,,,,,,,,,,,,,,,,,,,,,,,,,,,,,,,,,,,,,,,,,,,,,,,,,,,,,,,,,,,,,,,,,,,,,,,
202510921,ATL,12529,2025,NE,9,1.0,20.0,15.0,22.0,,,1.0,1.0,10.7,12.7,8.7,4.0,2.0,,-2.0,2.0,19.0,6.0,34.0,32.0,8.0,5.33,87.0,,,4.0,,,55.0,2.0,14.0,8.0,55.0,3.93,,,,,,,,,,,,,,,,,,,,,2.0,,,,,,,,,,2.0,,,,,,1.0,,,,,,,,,,,,,,,,,,,,,,,,,,,,,,,,,,,,,,,,,,,,,,,,,,,,,,-8.0,,4.0,1.0,,,,,,,,,,,,,,,,,,,,,,,,,,,,,,,,,,,,,,,,,,,
202510923,NYG,4034,2025,SF,9,1.0,1.0,1.0,1.0,,,1.0,1.0,31.8,34.3,29.3,5.0,1.0,2.0,12.0,2.0,39.0,6.0,55.0,67.0,13.4,11.17,173.0,,,5.0,,,106.0,1.0,28.0,16.0,106.0,3.79,,,,,,,,,,,,,3.0,,,,1.0,,,,4.0,,,,,,,,,,4.0,,2.0,,,,1.0,,,,,,,,,,,,,,,,,,,,,,,,,,,,,,,,,,,,,,,,,,,,,,,,,,,,,1.0,-9.0,1.0,6.0,4.0,1.0,1.0,1.0,5.0,,,,,,,,,,,,,,,,,,,,,,,,,,,,,,,,,,,,,,,
202510904,BUF,4227,2025,KC,9,1.0,999.0,999.0,999.0,,,1.0,,8.0,8.0,8.0,,,,,,,,,,,,,,,,,,,,,,,,2.0,2.0,,,,46.0,100.0,65.0,16.0,7.0,1.0,1.0,,,,,,,,,,,,,,,,,,,,,,,,,,,,,,,,,,,,,,,,,,,,,,,,,,,,,,,,,,,,,,,,,,,,,,,,,,,,,,,,,,,,,,,,,,,,1.0,,,,,,,,,,,,,,,,,,,,,,,,,,,,,1.0,,,,
202510907,CHI,6770,2025,CIN,9,1.0,999.0,999.0,999.0,,,,,,,,,,,,,,,,,,,,,,,,,,,,,,,,,,,,,,,,,,,,,,,,,,,,,,,,,,,,,,,,,,,,,,,,,,,,,,,,,,,,,,,,,,,,,,,,,,,,,,,,,,,,,,,,,,,,,,,,,,,,,,,,,,,,,,,,,,,,,,,,,,,,,,,,,,,,,,,,,,,,,,,
202510928,PIT,6819,2025,IND,9,1.0,10.0,8.0,15.0,6.0,9.0,1.0,1.0,16.0,20.5,11.5,9.0,6.0,1.0,95.0,6.0,21.0,12.0,20.0,115.0,12.78,9.58,115.0,,,,,,,1.0,,,,,,,,,,,,,,,,,,,,,,,,,,,,,,,,,,,,,,,,,,,,,,,,,1.0,,,,,,,,,,,,,,1.0,,,,,,,,,,,,,,,,,,,3.0,,,,,,,,,,,,1.0,,,,,,,,,1.0,,,,,,,,,,,,,,,,,,,,,,,,,,,,,,,,,,,,,,
202510925,LV,7523,2025,JAX,9,1.0,11.0,11.0,11.0,,,1.0,1.0,22.2,22.2,22.2,,,,,,,,,,,,24.0,,,,,,244.0,,9.0,7.0,24.0,2.67,,,,,,,,,,,,,7.0,1.0,130.0,4.0,2.0,9.57,34.0,73.2,2.0,,34.0,3.0,1.0,23.0,67.65,6.47,9.0,220.0,5.0,,2.0,11.0,,11.0,,,,,,,,,,,,,,,,,,,,,,,1.0,,,,,,,,,,,,,,,,,,,5.0,,,,,,,,,,,,,,,,,,,,,,,,,,,,,,,,,,,,,,,,,,,,,,,,,,,,,,,,,,,
202510921,NE,8112,2025,ATL,9,1.0,1.0,1.0,1.0,5.0,9.0,1.0,1.0,34.3,38.8,29.8,9.0,3.0,2.0,103.0,5.0,40.0,14.0,15.0,118.0,13.11,8.43,118.0,,,,,,,2.0,,,,,,,,,,,,,,,,,,,,,,,,,,,,,,,,,,,,,3.0,,,,4.0,,,,,,,,1.0,,,,,,,,,,,,,,1.0,,,,,,,,,,,,,,,,,,,10.0,,,,,,,,,,,,1.0,,,,,,,3.0,8.0,1.0,,1.0,,,,,,,,,,,,,,,,,,,,,,,,,,,,,,,,,,,,
202510935,WAS,9488,2025,SEA,9,1.0,8.0,6.0,9.0,6.0,8.0,1.0,1.0,18.0,22.0,14.0,8.0,4.0,1.0,82.0,5.0,26.0,9.0,47.0,129.0,16.13,14.33,140.0,,,,,,11.0,,1.0,11.0,11.0,11.0,,,,,,,,,,,,,,,,,,,,,1.0,,,,,,,,,,,,,,,,,,,,,,,,3.0,,,,,,,,,,,,,,,,,,,,,,,,,,,,,,,,,,,,,,,,,,,,,1.0,,,,,,,,,1.0,,,,,,,,,,,,,,,,,,,,,,,,,,,,,,,,,,,,,,
202510921,NE,9509,2025,ATL,9,1.0,12.0,7.0,20.0,,,1.0,1.0,13.6,17.6,9.6,8.0,2.0,3.0,16.0,3.0,12.0,10.0,34.0,50.0,6.25,5.0,96.0,,,8.0,,,46.0,3.0,12.0,15.0,46.0,3.83,,,,,,,,,,,,,,,,,,,,,2.0,,,,,,,,,,1.0,,,,,,1.0,,,,,,,,,,,,,,,,,,,,,,,,,,,,,,,,,,,,,,,,,,,,,,,,,,,,,,-5.0,,5.0,1.0,,,,,,,,,,,,,,,,,,,,,,,,,,,,,,,,,,,,,,,,,,,
202510913,HOU,DEN,2025,DEN,9,,999.0,999.0,999.0,,,1.0,,4.0,4.0,4.0,,,,,,,,,,,,,,,,,,,,,,,,,,,,,,,,,,,,,,,,,,,,,,,,,,,,,,,,,,,,,,,,,,,,,,,,,,,,,,4.0,7.0,8.0,30.0,4.0,32.0,76.0,15.0,4.0,17.0,6.0,7.5,,25.33,1.0,1.0,12.0,,,268.0,6.0,3.0,28.0,41.0,7.0,10.54,28.2,4.0,6.0,14.9,69.0,37.0,77.94,2.0,7.3,,,,,,,,,,,,,,,,,,,,25.0,,,,1.0,,,,,,,,,,,,,,,,,,,,,,,,
202510907,CIN,11560,2025,CHI,9,1.0,1.0,1.0,1.0,,,1.0,1.0,37.7,38.7,36.7,2.0,,,-3.0,1.0,20.0,2.0,25.0,22.0,11.0,11.0,75.0,,,,,,333.0,1.0,5.0,14.0,53.0,10.6,,,,,,,,,,,,,,,115.0,9.0,,14.0,58.0,114.8,2.0,,34.0,5.0,2.0,20.0,58.82,8.24,12.0,280.0,1.0,3.0,1.0,15.0,58.0,14.0,1.0,,,,,,,,1.0,,,,,,,,,,,,,,1.0,,,,,,,,,,,,,,,,,,,4.0,,,,,,,,,,,,,,,,,,,1.0,2.0,,,,1.0,,,,,,,,,,,,,,,,,,,,,,,,,,,1.0,,,,,1.0,,,
202510913,HOU,11563,2025,DEN,9,1.0,13.0,13.0,13.0,,,1.0,1.0,19.52,19.52,19.52,,,,,,,,,,,,36.0,,,,,,209.0,,3.0,25.0,36.0,12.0,,,,,,,,,,,,,,1.0,81.0,2.0,,9.61,30.0,68.9,1.0,,37.0,,1.0,18.0,48.65,4.68,7.0,173.0,,2.0,,8.0,30.0,19.0,,,,,,,,,,,,,,,,,,,,,,,,,,,,,,,,,,,,,,,,,,,,,,,,,,,,,,,,,,,,,,,,,,,,,,,,,,,,,,,,,,,,,,,,,,,,1.0,,,,,,,,,
202510913,HOU,11627,2025,DEN,9,1.0,45.0,43.0,46.0,2.0,4.0,1.0,1.0,6.3,8.3,4.3,4.0,1.0,1.0,23.0,1.0,13.0,10.0,4.0,27.0,6.75,2.7,23.0,,,,,,-4.0,2.0,2.0,2.0,-4.0,-2.0,,,,,,,,,,,,,,,,,,,,,1.0,,,,,,,,,,,,,,,,,,,,,,,,,,,,,,,,,,,,,,,,,,,,,,,,,,,,,,,,,,,,,,,,,,,,,,-6.0,,,1.0,,,,,,,,,,,,,,,,,,,,,,,,,,,,,,,,,,,,,,,,,1.0,,
202510913,HOU,3678,2025,DEN,9,1.0,999.0,999.0,999.0,,,1.0,,3.0,3.0,3.0,,,,,,,,,,,,,,,,,,,,,,,,2.0,1.0,1.0,,,34.0,50.0,34.0,4.0,4.0,1.0,1.0,,,,,,,,,,,,,,,,,,,,,,,,,,,,,,,,,,,,,,,,,,,,,,,,,,,,,,,,,,,,,,,,,,,,,,,,,,,,,,,,,,,,,,,,,,,,,1.0,1.0,1.0,,,,,,1.0,,,,,,,,,,,,,,,,,,,,,,,,
202510935,SEA,12533,2025,WAS,9,1.0,35.0,36.0,34.0,,,1.0,1.0,4.6,5.1,4.1,1.0,,,2.0,,3.0,1.0,1.0,3.0,3.0,3.0,41.0,,,1.0,,,38.0,1.0,12.0,6.0,38.0,3.17,,,,,,,,,,,,,,,,,,,,,,,,,,,,,,,1.0,,,,,,,,,,,,,,,,,,,,,,,,,,,,,,,,,,,,,,,,,,,,,,,,,,,,,,,,,,,,-2.0,,,2.0,,,,,,,,,,,,,,,,,,,,,,,,,,,,,,,,,,,,,,,,,,,
202510904,BUF,4098,2025,KC,9,1.0,16.0,17.0,12.0,,,1.0,1.0,12.0,12.5,11.5,1.0,,1.0,-3.0,,6.0,2.0,9.0,6.0,6.0,3.0,55.0,,,1.0,,,49.0,,11.0,13.0,49.0,4.45,,,,,,,,,,,,,2.0,,,,1.0,,,,2.0,,,,,,,,,,6.0,,1.0,,,,,,,,,,,,,,,,,,,,,,,,,,,,,,,,,,,,,,,,,,,,,,,,,,,,,,,,,,,,2.0,,,,,,,,,,,,,,,,,,,,,,,,,,,,,,,,,,,,,,,,,,,,
202510911,DET,5844,2025,MIN,9,1.0,17.0,19.0,16.0,,,1.0,1.0,8.1,9.1,7.1,2.0,,1.0,11.0,,7.0,3.0,,11.0,5.5,3.67,11.0,,2.0,,,,,1.0,,,,,,,,,,,,,,,,,,,,,,,,,,,,,,,,,,,,,1.0,,,,1.0,,,,,,,,,,,,,,,,,,,,,,,,,,,,,,,,,,,,,,,,,,,,,,,,,,,,,,,,,,,,1.0,7.0,,,,,,,,,,,,,,,,,,,,,,,,,,,,,,,,,,,,,,,
202510928,IND,5846,2025,PIT,9,1.0,76.0,72.0,83.0,,2.0,1.0,1.0,1.6,2.6,0.6,2.0,,1.0,,,6.0,4.0,6.0,6.0,3.0,1.5,6.0,,,,,,,1.0,,,,,,,,,,,,,,,,,,,,,,,,,,,,,,,,,,,,,,,,,2.0,,,,,,,,,,,,,,,,,,,,,,,,,,,,,,,,,,,,,,,,,,,,,,,,,,,,,,,,,,,,,,,,,,,,,,,,,,,,,,,,,,,,,,,,,,,,,,,,,,,,
202510925,JAX,5947,2025,LV,9,1.0,56.0,50.0,58.0,1.0,4.0,1.0,,4.3,6.3,2.3,4.0,,3.0,11.0,1.0,7.0,6.0,12.0,23.0,5.75,3.83,23.0,,,,,,,1.0,,,,,,,,,,,,,,,,,,,,,,,,,,,,,,,,,,,,,,,,,,,,,,,,,,,,,,,,,,,,,,,,,,,,,,,,,,,,,,,,,,,,,,,,,,,,,,,,,,,,,,,,,,,,,,,,,,,,,,,,,,,,,,,,,,,,,,,,,,,,,
202510912,CAR,8121,2025,GB,9,1.0,21.0,19.0,23.0,5.0,7.0,1.0,1.0,12.6,16.1,9.1,7.0,1.0,4.0,79.0,5.0,30.0,10.0,12.0,91.0,13.0,9.1,91.0,,,,,,,,,,,,,,,,,,,,,,,,,,,,,,,,,,,,,,,,,,,,,,,,3.0,,,,,,,2.0,1.0,,,,,,3.0,,6.0,6.0,,,,,,,,,,,,,,,,,,,,,,,,,,,,,,,,,,,,,,,,,,1.0,,,,,,,,,,,,,,,,,,,,,,,,,,,,,,,,,,,,,,,,,
202510913,HOU,6806,2025,DEN,9,1.0,29.0,31.0,28.0,,,1.0,1.0,6.4,6.9,5.9,1.0,,,-2.0,,-2.0,1.0,,-2.0,-2.0,-2.0,59.0,,,1.0,,,61.0,,15.0,12.0,61.0,4.07,,,,,,,,,,,,,,,,,,,,,3.0,,,,,,,,,,,,,,,,,,,,,,,,,,,,,,,,,,,,,,,,,,,,,,,,,,,,,,,,,,,,,,,,,,,,,,,,3.0,,,,,,,,,,,,,,,,,,,,,,,,,,,,,,,,,,,,,,,,,,,,
202510928,PIT,9500,2025,IND,9,1.0,20.0,20.0,22.0,4.0,6.0,1.0,,12.7,15.7,9.7,6.0,2.0,2.0,42.0,4.0,17.0,9.0,15.0,57.0,9.5,6.33,57.0,,,,1.0,1.0,,2.0,,,,,,,,,,,,,,,,,,,,,,,,,,,,,,,,,,,,,1.0,,,,2.0,,,,,,,3.0,,,,,,,7.67,,12.0,23.0,,,,,,,,,,,,,,,,,,,,,,,,,,,,,,,,,,,,,,,,,,,1.0,,,,,,,,,,,,,,,,,,,,,,,,,,,,,,,,,,,,,,,,
202510925,LV,JAX,2025,JAX,9,,999.0,999.0,999.0,,,1.0,,3.0,3.0,3.0,,,,,,,,,,,,,,,,,,,,,,,,,,,,,,,,,,,,,,,,,,,,,,,,,,,,,,,,,,,,,,,,,,,,,,,,,,,,,,2.0,4.0,1.0,4.0,9.0,31.0,155.0,29.0,1.0,4.0,3.0,4.0,,31.0,,,4.0,1.0,,331.0,2.0,5.0,54.0,80.0,,27.26,13.1,5.0,5.0,50.8,63.0,32.0,117.46,3.0,22.3,,,,,,,,,,,,,,,,,,,,10.0,,,,,,,,,,,1.0,,,,,1.0,,,,,,,,,,,1.0,
202510911,DET,11792,2025,MIN,9,1.0,999.0,999.0,999.0,,,1.0,,11.0,11.0,11.0,,,,,,,,,,,,,,,,,,,,,,,,2.0,2.0,,1.0,1.0,50.0,100.0,70.0,20.0,9.0,3.0,3.0,,,,,,,,,,,,,,,,,,,,,,,,,,,,,,,,,,,,,,,,,,,,,,,,,,,,,,,,,,,,,,,,,,,,,,,,,,,,,,,,,,,,,,,,,,,1.0,,,,,,,,,,,,,,,,,,,,,,,,,,,,,,,,,,
202510904,BUF,1466,2025,KC,9,1.0,8.0,7.0,11.0,,,1.0,1.0,10.6,12.6,8.6,4.0,1.0,1.0,52.0,3.0,28.0,5.0,14.0,66.0,16.5,13.2,66.0,3.0,4.0,,,,,,,,,,,,,,,,,,,,,,,,,,,,,,,,,,,,,,,,,,,,,,1.0,,,,,,,,2.0,,,,,,,,,,,,,,,,,,,,,,,,,,,,,,,,,,,,,,,,,,,,,,,,,,,,,,,,,,,,,,,,,,,,,,,,,,,,,,,,,,,,,,,,,,1.0,,
202510919,MIA,3198,2025,BAL,9,1.0,14.0,14.0,10.0,,,1.0,1.0,12.6,13.1,12.1,1.0,,,1.0,,2.0,1.0,1.0,2.0,2.0,2.0,121.0,,,1.0,,,119.0,1.0,19.0,35.0,119.0,6.26,,,,,,,,,,,,,,,,,,,,,3.0,,,,,,,,,,2.0,,,,,,,64.0,24.0,56.0,36.0,27.0,,,,,,,,,,,,,,,,,,,,,,,,,,,,,,,,,,,,,,,,,,,,,,,,1.0,-3.0,,3.0,3.0,1.0,,,,,,,,,,,,,,,,,,,,,,,,,,,,,,,,,,,,,,,,,,
202510911,DET,4199,2025,MIN,9,1.0,19.0,18.0,18.0,,,1.0,1.0,10.8,11.8,9.8,2.0,1.0,1.0,,1.0,14.0,2.0,20.0,20.0,10.0,10.0,98.0,,,2.0,,,78.0,,9.0,31.0,78.0,8.67,,,,,,,,,,,,,,,,,,,,,4.0,,,,,,,,,,,,,,,,,,,,,,,,,,,,,,,,,,,,,,,,,,,,,,,,,,,,,,,,,,,,,,,,,,,,,,,,5.0,,,,,,,,,,,,,,,,,,,,,,,,,,,,,,,,,,,,,,,,,,,,
202510907,CHI,5857,2025,CIN,9,1.0,13.0,14.0,8.0,,,1.0,1.0,9.8,10.8,8.8,2.0,,1.0,26.0,,23.0,3.0,2.0,28.0,14.0,9.33,28.0,,2.0,,,,,,,,,,,,,,,,,,,,,,,,,,,,,,,,,,,,,,,,,,1.0,,,,,,,,,,,,1.0,,,,,,,,,,,,,,,,,,,,,,,,,,,,,,,,,,,,,,,,,,,,,,,,,,,,1.0,23.0,,,,,,,,,,,,,,,,,,,,,,,,,,,,,,,,,,,,,,,
202510934,LAC,5967,2025,TEN,9,1.0,26.0,27.0,25.0,,,1.0,1.0,7.3,7.8,6.8,1.0,1.0,,6.0,1.0,12.0,2.0,6.0,12.0,12.0,6.0,68.0,,,1.0,,,56.0,,10.0,16.0,56.0,5.6,,,,,,,,,,,,,,,,,,,,,3.0,,,,,,,,,,3.0,,,,,,,,,,,,,,,,,,,,,,,,,,,,,,,,,,,,,,,,,,,,,,,,,,,,,,,,,,,,,,4.0,,,,,,,,,,,,,,,,,,,,,,,,,,,,,,,,,,,,,,,,,,,,
202510923,SF,12508,2025,NYG,9,1.0,7.0,7.0,7.0,,,1.0,1.0,27.24,27.24,27.24,,,,,,,,,,,,56.0,,,,,,247.0,,8.0,18.0,56.0,7.0,,,,,,,,,,,,,6.0,,107.0,12.0,1.0,7.96,24.0,107.0,4.0,,33.0,3.0,2.0,24.0,72.73,5.79,5.0,191.0,2.0,2.0,1.0,9.0,24.0,9.0,,,,,,,,,,,,,,,,,,,,,,,,,,,,,,,,,,,,,,,,,,,,,,,,,,,,,,,,,,,,,,,,,,,,,,,,,,,,,,,,,,,,,,,,,,,,,,,,,,,,,
202510913,HOU,5045,2025,DEN,9,1.0,27.0,33.0,25.0,,1.0,1.0,1.0,9.5,10.0,9.0,1.0,,,27.0,,30.0,6.0,3.0,30.0,30.0,5.0,30.0,,,,,,,,,,,,,,,,,,,,,,,,,,,,,,,,,,,,,,,,,,,,1.0,,,,,,,,,,,,,,,,,,,,,,,,,,,,,,,,,,,,,,,,,,,,,,,,,,,,,,,,,,,,,,,1.0,1.0,30.0,,1.0,,,,,,,,,,,,,,,,,,,,,,,,,,,,,,,,,,,,,
202510923,SF,11632,2025,NYG,9,1.0,999.0,999.0,999.0,,,,,,,,,,,,,,,,,,,,,,,,,,,,,,,,,,,,,,,,,,,,,,,,,,,,,,,,,,,,,,,,,,,,,,,,,,,,,,,,,,,,,,,,,,,,,,,,,,,,,,,,,,,,,,,,,,,,,,,,,,,,,,,,,,,,,,,,,,,,,,,,,,,,,,,,,,,,,,,,,,,,,,,
202510934,TEN,LAC,2025,LAC,9,,999.0,999.0,999.0,,,1.0,,5.0,5.0,5.0,,,,,,,,,,,,,,,,,,,,,,,,,,,,,,,,,,,,,,,,,,,,,,,,,,,,,,,,,,,,,,,,,,,,,,,,,,,,,,4.0,5.0,5.0,9.0,3.0,22.0,72.0,14.0,2.0,9.0,6.0,4.5,1.0,24.0,1.0,1.0,6.0,,,206.0,21.0,3.0,30.0,20.0,3.0,6.4,18.2,4.0,3.0,5.5,45.0,23.0,56.1,3.0,17.0,,,,,,,,,,,,,,,,,,,,27.0,,,,,,,,,,,1.0,,,,,,,,,,,,,,,,,
202510911,MIN,3163,2025,DET,9,1.0,14.0,14.0,14.0,,,1.0,1.0,19.36,19.36,19.36,,,,,,,,,,,,,,,,,,284.0,,,,,,,,,,,,,,,,,,,,143.0,44.0,,11.36,40.0,108.4,,,37.0,4.0,5.0,25.0,67.57,7.68,9.0,284.0,,2.0,,9.0,40.0,12.0,,,,,,,,,,,,,,,,,,,,,,,,,,,,,,,,,,,,,,,,,,,,,,,,,,,,,,,,,,,,,,,,,,1.0,,,,,,,,,,,,,1.0,,,,,,,,,,,,,,1.0,,,,,,,,
202510904,KC,17,2025,BUF,9,1.0,999.0,999.0,999.0,,,1.0,,3.0,3.0,3.0,,,,,,,,,,,,,,,,,,,,,,,,1.0,,,,,,,,,4.0,4.0,4.0,,,,,,,,,,,,,,,,,,,,,,,,,,,,,,,,,,,,,,,,,,,,,,,,,,,,,,,,,,,,,,,,,,,,,,,,,,,,,,,,,,,,,,,,,,,,,1.0,1.0,1.0,,,,,,,,,,,,,,,,,,,,,,,,,,,,,,
202510935,SEA,5872,2025,WAS,9,1.0,42.0,35.0,45.0,1.0,5.0,1.0,1.0,6.9,9.4,4.4,5.0,1.0,3.0,3.0,1.0,19.0,6.0,38.0,41.0,8.2,6.83,44.0,,,,,,3.0,,1.0,3.0,3.0,3.0,,,,,,,,,,,,,,,,,,,,,,,,,,,,,,,,,,,,,1.0,,,,,,30.0,,,,30.0,,1.0,30.0,,,,,,,,,,,,,,,,,,,,,,,,,,,,,,,,,,,,,,,,,,,,,,,,,,,,,,,,,,,,,,,,,,,,,,,,,,,,,,,,,,,,,,,
202510928,PIT,6813,2025,IND,9,1.0,28.0,28.0,30.0,,,1.0,1.0,6.7,7.7,5.7,2.0,,2.0,5.0,,7.0,2.0,7.0,12.0,6.0,6.0,57.0,,,2.0,,,45.0,,14.0,9.0,45.0,3.21,,,,,,,,,,,,,,,,,,,,,3.0,,,,,,,,,,2.0,,,,,,,,,,,,,,,,,,,,,,,,,,,,,,,,,,,,,,,,,,,,,,,,,,,,,,,,,,,,-1.0,,3.0,1.0,,,,,,,,,,,,,,,,,,,,,,,,,,,,,,,,,,,,,,,,,,,
202510911,DET,6794,2025,MIN,9,1.0,17.0,17.0,18.0,2.0,6.0,1.0,1.0,13.7,16.7,10.7,6.0,2.0,,35.0,2.0,21.0,9.0,12.0,47.0,7.83,5.22,47.0,,,,,,,2.0,,,,,,,,,,,,,,,,,,,,,,,,,,,,,,,,,,,,,1.0,,,,2.0,,,,,,,,1.0,,,,,,,,,,,,,,,,,,,,,,,,,,,,,,,,,,,,,,,,,,,,,,,,,,,,1.0,10.0,,,,,,,,,,,,,,,,,,,,,,,,,,,,,,,,,,,,,,,
202510921,NE,7553,2025,ATL,9,1.0,24.0,23.0,25.0,,,1.0,1.0,5.8,7.8,3.8,4.0,,2.0,34.0,1.0,22.0,7.0,4.0,38.0,9.5,5.43,38.0,1.0,4.0,,,,,1.0,,,,,,,,,,,,,,,,,,,,,,,,,,,,,,,,,,,,,,,,,1.0,,,,,,,,1.0,,,,,,,,,,,,,,1.0,,,,,,,,,,,,,,,,,,,5.0,,,,,,,,,,,,,,,,,,,,,,,,,,,,,,,,,,,,,,,,,,,,,,,,,,,,,,,,,,,
202510912,GB,7594,2025,CAR,9,1.0,48.0,53.0,45.0,,,1.0,,1.7,1.7,1.7,,,,,,,1.0,,,,,17.0,,,,,,17.0,,5.0,8.0,17.0,3.4,,,,,,,,,,,,,,,,,,,,,1.0,,,,,,,,,,3.0,,,,,,1.0,,,,,,,,,,,,,,,,,,,,,,,,,,,,,,,,,,,,,,,,,,,,,,,,,,,,,,,,1.0,,,,,,,,,,,,,,,,,,,,,,,,,,,,,,,,,,,,,,,,,,,,
202510928,IND,7567,2025,PIT,9,1.0,32.0,29.0,37.0,,,1.0,,5.4,7.4,3.4,4.0,2.0,1.0,-5.0,2.0,16.0,5.0,40.0,35.0,8.75,7.0,34.0,,,4.0,,,-1.0,1.0,3.0,5.0,-1.0,-0.33,,,,,,,,,,,,,,,,,,,,,1.0,,,,,,,,,,1.0,,,,,,,,,,,,,,,,,,,,,,,,,,,,,,,,,,,,,,,,,,,,,,,,,,,,,,,,,,,,-9.0,,3.0,1.0,,,,,,,,,,,,,,,,,,,,,,,,,,,,,,,,,,,,,,,,,,,
202510932,LAR,8144,2025,NO,9,1.0,39.0,39.0,38.0,2.0,3.0,1.0,1.0,7.2,8.7,5.7,3.0,,1.0,49.0,2.0,27.0,4.0,8.0,57.0,19.0,14.25,57.0,,,,,,,,,,,,,,,,,,,,,,,,,,,,,,,,,,,,,,,,,,,,,,,,,,,,,,,,2.0,,,,,,,,,,,,,,,,,,,,,,,,,,,,,,,,,,,,,,,,,,,,,,,,,,,,,,,,,,,,,,,,,,,,,,,,,,,,,,,,,,,,,,,,,,,,
202510921,ATL,9504,2025,NE,9,1.0,999.0,999.0,999.0,,,1.0,1.0,,,,,,,,,,1.0,,,,,,,,,,,,,,,,,,,,,,,,,,,,,,,,,,,,,,,,,,,,,,,,,,,,,,,,,,,,,,,,,,,,,,,,,,,,,,,,,,,,,,,,,,,,,,,,,,,,,,,,,,,,,,,,,,,,,,,,,,,,,,,,,,,,,,,,,,,,,,,,,,,,,,,,,
202510932,LAR,9757,2025,NO,9,1.0,999.0,999.0,999.0,,,,,,,,,,,,,,,,,,,,,,,,,,,,,,,,,,,,,,,,,,,,,,,,,,,,,,,,,,,,,,,,,,,,,,,,,,,,,,,,,,,,,,,,,,,,,,,,,,,,,,,,,,,,,,,,,,,,,,,,,,,,,,,,,,,,,,,,,,,,,,,,,,,,,,,,,,,,,,,,,,,,,,,
202510932,LAR,7002,2025,NO,9,1.0,7.0,8.0,6.0,,,1.0,,10.6,12.1,9.1,3.0,2.0,1.0,21.0,1.0,12.0,4.0,10.0,31.0,10.33,7.75,31.0,1.0,3.0,,,,,,,,,,,,,,,,,,,,,,,,,,,,,,,,,,,,,,,,,,1.0,,,,1.0,,,,,,,,,,,,,,,,,,,,,,,,,,,,,,,,,,,,,,,,,,,,,,,,,,,,,,,,,,,,1.0,11.0,,,,,,,,,,,,,,,,,,,,,,,,,,,,,,,,,,,,,,,
202510934,TEN,11635,2025,LAC,9,1.0,37.0,34.0,40.0,2.0,4.0,1.0,1.0,7.6,9.6,5.6,4.0,2.0,1.0,19.0,2.0,21.0,7.0,37.0,56.0,14.0,8.0,56.0,,,,,,,,,,,,,,,,,,,,,,,,,,,,,,,,,,,,,,,,,,,,,,,,,,,,,,,,1.0,,,,,,,,,,,,,,,,,,,,,,,,,,,,,,,,,,,,,,,,,,,,,,,,,,,,,,,,,,,,,,,,,,,,,,,,,,,,,,,,,,,,,,,,,,,,
202510928,IND,1945,2025,PIT,9,1.0,999.0,999.0,999.0,,,1.0,,10.0,10.0,10.0,,,,,,,,,,,,,,,,,,,,,,,,2.0,2.0,,,,46.0,100.0,71.0,16.0,9.0,3.0,3.0,,,,,,,,,,,,,,,,,,,,,,,,,,,,,,,,,,,,,,,,,,,,,,,1.0,,,,,,,,,,,,,,,,,,,,,,,,,,,,,,,,,,,,,,,,,,,,1.0,1.0,,,,,,,,,,,,,,,,,,,,,,,,,,,,,,,,,
202510934,LAC,9508,2025,TEN,9,1.0,25.0,25.0,26.0,,,1.0,,7.7,9.2,6.2,3.0,,1.0,1.0,1.0,26.0,3.0,35.0,36.0,12.0,12.0,62.0,,,3.0,,,26.0,1.0,7.0,10.0,26.0,3.71,,,,,,,,,,,,,,,,,,,,,,,,,,,,,,,1.0,,,,,,,,,,,,,,1.0,,,,,,,,,,,,,,,,,,,,,,,,,,,,,,,,,,,,,,,,,,,,,,,,1.0,,,,,,,,,,,,,,,,,,,,,,,,,,,,,,,,,,,,,,,,,,,,
202510904,BUF,4046,2025,KC,9,1.0,20.0,20.0,20.0,,,1.0,1.0,11.5,11.5,11.5,,,,,,,,,,,,5.0,,,,,,255.0,,1.0,5.0,5.0,5.0,,,,,,,,,,,,,,1.0,186.0,24.0,,16.67,40.0,57.2,,,34.0,2.0,3.0,15.0,44.12,7.35,10.0,250.0,1.0,,,10.0,,19.0,,,,,,,,,,,,,,,,,,,,,,,1.0,,,,,,,,,,,,,,,,,,,10.0,,,,,,,,,,,,,,,,,,,,,,,,1.0,,,,,,,,,,,,,,,,,,,,,,,,,,1.0,,,,,,,,,
202510919,MIA,5012,2025,BAL,9,1.0,5.0,5.0,5.0,,,1.0,,15.6,16.6,14.6,2.0,,,17.0,,20.0,3.0,5.0,22.0,11.0,7.33,26.0,2.0,2.0,,,,4.0,1.0,2.0,2.0,4.0,2.0,,,,,,,,,,,,,,,,,,,,,2.0,,,,,,,,,,1.0,,2.0,,,,1.0,64.0,24.0,56.0,28.0,1.0,,,1.0,,,,,,,,,,,,,,,,,,,,,,,,,,,,,,,,,,,,,,,,,,,,,,,,,,,,2.0,20.0,,1.0,,,,,,,,,,,,,,,,,,,,,,,,,,,,,,,,,,,,,
202510907,CHI,6801,2025,CIN,9,1.0,2.0,2.0,2.0,4.0,7.0,1.0,1.0,29.6,33.1,26.1,7.0,2.0,1.0,96.0,4.0,44.0,9.0,25.0,121.0,17.29,13.44,121.0,,,,,,,1.0,,,,,,,,,,,,,,,,,,,,,,,,,,,,,,,,,,,,,2.0,,,,1.0,,,,,,,,2.0,,,,,,,,,,,,,,,,,,,,,,,,,,,,,,,,,,,,,,,,,,,,,1.0,,,,,,,2.0,44.0,1.0,,1.0,,,,,,,1.0,,,,,,,,,,,,,,,,,,,,,,,,,,,1.0,,
202510912,GB,7021,2025,CAR,9,1.0,2.0,2.0,2.0,,,1.0,1.0,27.1,28.1,26.1,2.0,,1.0,,1.0,8.0,3.0,11.0,11.0,5.5,3.67,141.0,,,2.0,,,130.0,1.0,25.0,29.0,130.0,5.2,,,,,,,,,,,,,5.0,,,,2.0,,,,5.0,,,,,,,,,,4.0,,2.0,,,,,,,,,,,,,,,,,,,,,,,,,,1.0,,,,,,,,,,,,,,,,,,,15.0,,,,,,,,,,,,1.0,-2.0,1.0,6.0,1.0,1.0,,,,,1.0,,,,,,,,,,,,,,,,,,,,,,,,,,,,,,,,,,,,,
202510923,SF,8126,2025,NYG,9,1.0,29.0,25.0,44.0,1.0,9.0,1.0,1.0,9.1,13.6,4.6,9.0,,6.0,33.0,1.0,9.0,11.0,13.0,46.0,5.11,4.18,46.0,,,,,,,2.0,,,,,,,,,,,,,,,,,,,,,,,,,,,,,,,,,,,,,,,,,,,,,,,,,,,,,,,,,,,,,,,,,,,,,,,,,,,,,,,,,,,,,,,,,,,,,,,,,,,,,,,,,,,,,,,,,,,,,,,,,,,,,,,,,,,,,,,,,,,,,
202510904,KC,8134,2025,BUF,9,1.0,36.0,30.0,47.0,3.0,7.0,1.0,1.0,7.8,11.3,4.3,7.0,,2.0,-11.0,3.0,20.0,8.0,54.0,43.0,6.14,5.38,43.0,,,,,,,4.0,,,,,,,,,,,,,,,,,,,,,,,,,,,,,,,,,,,,,,,,,,,,,,,,2.0,1.0,,,,,,7.0,,11.0,14.0,,,,,,,,,,,,,,,,,,,,,,,,,,,,,,,,,,,,,,,,,,,,,,,,,,,,,,,,,,,,,,,,,,,,,,,,,,,,,,,,,,,
202510912,CAR,9484,2025,GB,9,1.0,35.0,34.0,36.0,,,1.0,1.0,3.0,4.0,2.0,2.0,2.0,,12.0,1.0,10.0,3.0,8.0,20.0,10.0,6.67,20.0,1.0,2.0,,,,,,,,,,,,,,,,,,,,,,,,,,,,,,,,,,,,,,,,,,,,,,1.0,,,,,,,,,,,,,,,,,,,,,,,,,,,,,,,,,,,,,,,,,,,,,,,,,,,,,,,,,,,,,,,,,,,,,,,,,,,,,,,,,,,,,,,,,,,,,,,,,,,,
202510932,NO,LAR,2025,LAR,9,,999.0,999.0,999.0,,,1.0,,10.0,10.0,10.0,,,,,,,,,,,,,,,,,,,,,,,,,,,,,,,,,,,,,,,,,,,,,,,,,,,,,,,,,,,,,,,,,,,,,,,,,,,,,,1.0,2.0,4.0,11.0,3.0,19.0,,10.0,2.0,4.0,1.0,5.5,1.0,,1.0,,11.0,1.0,,224.0,1.0,,,32.0,4.0,10.24,24.1,2.0,5.0,15.1,38.0,19.0,56.34,5.0,2.9,,,,,,,,,,,,,,,,,,,,9.0,,,,,,,,,7.0,1.0,2.0,,,,,,,,,,,,,,,,,1.0
202510907,CIN,4983,2025,CHI,9,1.0,3.0,4.0,3.0,4.0,4.0,1.0,1.0,20.98,22.98,18.98,4.0,3.0,,41.0,4.0,23.0,6.0,31.0,72.0,18.0,12.0,89.0,,,,,,19.0,,1.0,17.0,17.0,17.0,,,,,,,,,,,,,17.0,,2.0,,1.0,2.0,2.0,118.8,,,1.0,1.0,,1.0,100.0,2.0,,2.0,1.0,1.0,1.0,,2.0,,,,,,,,,,1.0,,,,,,,,,,,,,,1.0,,,,,,,,,,,,,,,,,,,5.0,,,,,,,,,,,,,,,,,,,,,,,,,,,,,,,,,,,,,,,,,,,,,,,,,,,,,,,,,,,
202510928,PIT,IND,2025,IND,9,,999.0,999.0,999.0,,,1.0,,6.0,6.0,6.0,,,,,,,,,,,,,,,,,,,,,,,,,,,,,,,,,,,,,,,,,,,,,,,,,,,,,,,,,,,,,,,,,,,,,,,,,,,,,,3.0,4.0,5.0,23.0,5.0,32.0,100.0,27.0,3.0,10.0,4.0,7.67,1.0,25.0,1.0,,12.0,,3.0,225.0,19.0,4.0,27.0,53.0,4.0,12.12,12.6,6.0,3.0,25.9,62.0,30.0,87.22,2.0,26.6,,,,,,,,,,,,,,,,,,,,16.0,,,,,1.0,,,,,1.0,1.0,,,,,,,,,,,,,,,,,
